SHA-256(Certificate)	CA Name
001686CD181F83A1B1217D305B365C41E3470A78A1D37B134A98CD547B92DAB3	C=US, O=Network Solutions L.L.C., CN=Network Solutions Certificate Authority
007E452FD5CF838946696DFE37A2DB2EF3991436D27BCBAB45922053C15A87A8	C=SI, O=POSTA, OU=POSTArCA
00AB444ABD6BDBA33DA8DE569AC4ECDE326D1BE1A61442D5EEC3975A0C243F04	C=ES, O=Agencia Notarial de Certificacion S.L. Unipersonal - CIF B83395988, CN=ANCERT Certificados Notariales
016E1DCD5F78841BBEBBAE9DDEA08C8D7EC54E698E95BB778ECDD1E10D8BF4F9	C=BE, O=ZETES SA (VATBE-0408425626), serialNumber=001, CN=ZETES TSP ROOT CA 001
018E13F0772532CF809BD1B17281867283FC48C6E13BE9C69812854A490C1B05	C=US, O=DigiCert, Inc., CN=DigiCert TLS ECC P384 Root G5
02BDF96E2A45DD9BF18FC7E1DBDF21A0379BA3C9C2610344CFD8D606FEC1ED81	C=US, O=CommScope, CN=CommScope Public Trust RSA Root-01
02ED0EB28C14DA45165C566791700D6451D7FB56F0B2AB1D3B8EB070E56EDFF5	C=US, O=Entrust, Inc., OU=See www.entrust.net/legal-terms, OU=(c) 2012 Entrust, Inc. - for authorized use only, CN=Entrust Root Certification Authority - EC1
0376AB1D54C5F9803CE4B2E201A0EE7EEF7B57B636E8A93C9B8D4860C96F5FA7	C=US, O=AffirmTrust, CN=AffirmTrust Commercial
03950FB49A531F3E1991942398DFA9E0EA32D7BA1CDD9BC85DB57ED9400B434A	CN=ACEDICOM Root, OU=PKI, O=EDICOM, C=ES
04048028BF1F2864D48F9AD4D83294366A828856553F3B14303F90147F5D40EF	C=ES, CN=Autoridad de Certificacion Firmaprofesional CIF A62634068
047B5DFCE3CEBC38D92AA487F0B01F0F91B521150859660BAE0E3F60DEA37DD5	CN=Starlink ECP384 Root CA
04ACFB3B24793F300F67EF87E44DD72CB9B28B204F389A7CD5AE28785C7D42CD	C=us, O=U.S. Government, OU=FBCA, CN=Common Policy
04F1BEC36951BC1454A904CE32890C5DA3CDE1356B7900F6E62DFA2041EBAD51	C=ES, ST=MADRID, L=MADRID, OU=see current address at www.camerfirma.com/address, OU=CHAMBERS OF COMMERCE ROOT - 2016, serialNumber=A82743287, organizationIdentifier=VATES-A82743287, O=AC CAMERFIRMA S.A., CN=CHAMBERS OF COMMERCE ROOT - 2016
0536801FBB443B3E905FD6D70D8C81EB88551BE8061299110D2B4F82E64CADE1	C=LT, O=VI Registru Centras - I.k. 124110246, OU=Registru Centro Sertifikavimo Centras, CN=VI Registru Centras RCSC (RootCA)
058A40323EC8C46262C3052A5D357B91AC24D3DA26351B3FF4407E99F7A4E9B4	C=BE, O=Certipost s.a./n.v., CN=Certipost E-Trust Primary Qualified CA
05D38C2A70BFC500CCB0CB509159B46B065C6AC9CB42D2E6F16167841434572A	C=DE, O=DATEV eG, CN=CA DATEV STD 02
05F82DE4B4A9ED4B7CD1F3ACE9B73BD6DB69D87816DD3847195CF737ED2951E7	C=CN, O=TrustAsia Technologies, Inc., CN=TrustAsia Global Root CA G1
063E4AFAC491DFD332F3089B8542E94617D893D7FE944E10A7937EE29D9693C0	C=EU, L=Madrid (see current address at www.camerfirma.com/address), serialNumber=A82743287, O=AC Camerfirma S.A., CN=Chambers of Commerce Root - 2008
0687260331A72403D909F105E69BCF0D32E1BD2493FFC6D9206D11BCD6770739	O=Digital Signature Trust Co., CN=DST Root CA X3
06DB3AF2DB7BAEE00C03B9578288BBDE541D906EB0069327413295FFB486008E	C=JP, O=LGPKI, OU=Application CA G2
0753E940378C1BD5E3836E395DAEA5CB839E5046F1BD0EAE1951CF10FEC7C965	C=PA, ST=Panama, L=Panama City, O=TrustCor Systems S. de R.L., OU=TrustCor Certificate Authority, CN=TrustCor RootCert CA-2
075BFCCA2D55AE6E35742C32AFD0CA8EA4C958FEEFC23224999541C033D69C8D	C=IL, O=PersonalID Ltd., OU=Certificate Services, CN=PersonalID Trustworthy RootCA 2011
0771920C8CB874D5C5A4DC0D6A51A2D495D38C4DE2CD5B83D2A06FAA051935F6	C=CN, O=CFCA GT CA
0791529BB8DED6D1CF7A48683275668F858B5A01101A335BC7722AE37B743F36	C=AE, O=UAE Government, CN=UAE Global Root CA G4
0791CA0749B20782AAD3C7D7BD0CDFC9485835843EB2D7996009CE43AB6C6927	C=SE, O=AddTrust AB, OU=AddTrust TTP Network, CN=AddTrust Public CA Root
07CD9AA9064A9B94C6AEF8FB784C1BBC1BEDA08ACBE86878D781A39167626CF8	C=US, O=VISA, OU=Visa International Service Association, CN=Visa Public RSA Root CA
08170D1AA36453901A2F959245E347DB0C8D37ABAABC56B81AA100DC958970DB	C=DE, O=D-Trust GmbH, CN=D-TRUST EV Root CA 1 2020
08297A4047DBA23680C731DB6E317653CA7848E1BEBD3A0B0179A707F92CF178	C=US, O=Equifax, OU=Equifax Secure Certificate Authority
08FC942D5176E568ACBEF9C595F36A20DE6ACF9EA30C6F5FCEDD48216ED5B070	C=BR, O=ICP-Brasil, OU=Autoridade Certificadora Raiz Brasileira v10, CN=Autoridade Certificadora do SERPRO SSLv1
09FFE93B48EBCEA6E89AE5B728438AFD29F817386E70158834FFDB1DB4E2E3A4	C=QA, O=ictQATAR, OU=CSPs-PMA, CN=Qatar National Root CA DEV
0A81EC5A929777F145904AF38D5D509F66B5E2C58FCDB531058B0E17F3F0B41B	C=US, O=AffirmTrust, CN=AffirmTrust Networking
0A9A4013AFC05650945CCA63B92A6B265857CF403403DEA52E0E68CC4E1BF574	C=AE, O=UAE Government, CN=UAE Global Root CA G3
0B5EED4E846403CF55E065848440ED2A82758BF5B9AA1F253D4613CFA080FF3F	C=HU, L=Budapest, O=NetLock Halozatbiztonsagi Kft., OU=Tanusitvanykiadok, CN=NetLock Expressz (Class C) Tanusitvanykiado
0B9F26DFCA684C2CFCE23E4E4DD567C886BA259E1DB267F9806F0C5A099711F2	C=LT, O=Skaitmeninio sertifikavimo centras, OU=Certification Authority, CN=SSC Root CA B
0C0B6B2BD1EDD7B27FEAD157F8E846B335B784A39F06C47216C8746F64C5CEDA	C=DE, O=DATEV eG, CN=CA DATEV BT 03
0C258A12A5674AEF25F28BA7DCFAECEEA348E541E6F5CC4EE63B71B361606AC3	C=EU, O=AC Camerfirma SA CIF A82743287, OU=http://www.chambersign.org, CN=Chambers of Commerce Root
0C2CD63DF7806FA399EDE809116B575BF87989F06518F9808C860503178BAF66	C=GB, ST=Greater Manchester, L=Salford, O=COMODO CA Limited, CN=COMODO Certification Authority
0D83B611B648A1A75EB8558400795375CAD92E264ED8E9D7A757C1F5EE2BB22D	C=US, O=Apple Computer, Inc., OU=Apple Computer Certificate Authority, CN=Apple Root Certificate Authority
0E30D04A94DCC423E26FDC4C24AFCF4923BD80D83B661B06A2F5856361560407	C=MO, O=Macao Post and Telecommunications Bureau, CN=eSignTrust Root Certification Authority (G03)
0E88EB6EA256E19EF8D3ABD61A24D38DBAD632816DD957294427E4724D81A386	CN=Autoridad de Certificacion Raiz del Estado Venezolano, C=VE, L=Caracas, ST=Distrito Capital, O=Sistema Nacional de Certificacion Electronica, OU=Superintendencia de Servicios de Certificacion Electronica, emailAddress=acraiz@suscerte.gob.ve
0ED3FFAB6C149C8B4E71058E8668D429ABFDA681C2FFF508207641F0D751A3E5	CN=Autoridad de Certificacion Raiz del Estado Venezolano, C=VE, L=Caracas, ST=Distrito Capital, O=Sistema Nacional de Certificacion Electronica, OU=Superintendencia de Servicios de Certificacion Electronica, emailAddress=acraiz@suscerte.gob.ve
0F4E9CDD264B025550D170806340214FE94434C9B02F697EC710FC5FEAFB5E38	C=NO, O=Buypass AS-983163327, CN=Buypass Class 2 CA 1
0F993C8AEF97BAAF5687140ED59AD1821BB4AFACF0AA9A58B5D57A338A3AFBCB	C=FR, O=Certplus, CN=Class 2 Primary CA
11437CDA7BB45E41365F45B39A38986B0DE00DEF348E0C7BB0873633800BC38B	C=US, O=CommScope, CN=CommScope Public Trust ECC Root-01
125609AA301DA0A249B97A8239CB6A34216F44DCAC9F3954B14292F2E8C8608F	C=US, OU=emSign PKI, O=eMudhra Inc, CN=emSign Root CA - C1
126BF01C1094D2F0CA2E352380B3C724294546CCC65597BEF7F12D8A171F1984	C=JP, O=Japanese Government, OU=GPKI, CN=ApplicationCA2 Root
12D480C1A3C664781B99D9DF0E9FAF3F1CACEE1B3C30C3123A337A4A454FFED2	C=si, O=state-institutions, OU=sigen-ca
12FF248372BD87E44ECE432198BE9B04525F33DEE00356FD646F8ACC01412F86	C=CA, O=Carillon Information Security Inc., OU=Certification Authorities, CN=CISRCA1
136335439334A7698016A0D324DE72284E079D7B5220BB8FBD747816EEBEBACA	C=EU, L=Madrid (see current address at www.camerfirma.com/address), serialNumber=A82743287, O=AC Camerfirma S.A., CN=Global Chambersign Root - 2008
1465FA205397B876FAA6F0A9958E5590E40FCC7FAA4FB7C2C8677521FB5FB658	C=US, O=Starfield Technologies, Inc., OU=Starfield Class 2 Certification Authority
1501F89C5C4DCF36CF588A17C9FD7CFCEB9EE01E8729BE355E25DE80EB6284B4	CN=CAEDICOM Root, O=EDICOM, C=ES
152A402BFCDF2CD548054D2275B39C7FCA3EC0978078B0F0EA76E561A6C7433E	C=FR, O=Certplus, CN=Certplus Root CA G1
15D5B8774619EA7D54CE1CA6D0B0C403E037A917F131E8A04E1E6B7A71BABCE5	C=US, O=Google Trust Services LLC, CN=GTS Root R3
15F0BA00A3AC7AF3AC884C072B1011A077BD77C097F40164B2F8598ABD83860C	C=US, O=Network Solutions L.L.C., CN=Network Solutions Certificate Authority
165C7E810BD37C1D57CE9849ACCD500E5CB01EEA37DC550DB07E598AAD2474A8	C=BE, O=GlobalSign nv-sa, CN=GlobalSign Client Authentication Root R45
16AF57A9F676B0AB126095AA5EBADEF22AB31119D644AC95CD4B93DBF3F26AEB	C=IE, O=Baltimore, OU=CyberTrust, CN=Baltimore CyberTrust Root
17184AB2C44BE2EBD6C3DE90673F4D1ACA4D67C46F4ED70D47D6AECE3A615B8B	C=PA, ST=Panama, L=Panama City, O=TrustCor Systems S. de R.L., OU=TrustCor Certificate Authority, CN=TrustCor ECA-1
1793927A0614549789ADCE2F8F34F7F0B66D0F3AE3A3B84D21EC15DBBA4FADC7	C=GB, ST=Greater Manchester, L=Salford, O=COMODO CA Limited, CN=COMODO ECC Certification Authority
179FBC148A3DD00FD24EA13458CC43BFA7F59C8182D783A513F6EBEC100C8924	OU=GlobalSign ECC Root CA - R5, O=GlobalSign, CN=GlobalSign
17F7C327A79F47A42B9B58C08C6CACDAFBF984340417137091F0C800ED90D3F4	C=BE, CN=Government CA, serialNumber=201401
18CE6CFE7BF14E60B2E347B8DFE868CB31D02EBB3ADA271569F50343B46DB3A4	C=US, O=Amazon, CN=Amazon Root CA 3
18F1FC7F205DF8ADDDEB7FE007DD57E3AF375A9C4D8D73546BF4F1FED1E18D35	C=BM, O=QuoVadis Limited, CN=QuoVadis Root CA 3
19ABCDFF3A74402FA8F0CA206BF7FAB0DFFFF3AE2BBD719584D21090A4353207	C=MY, O=Digicert Sdn. Bhd., CN=PosDigicert Class 2 Root CA G2
1A0D20445DE5BA1862D19EF880858CBCE50102B36E8F0A040C3C69E74522FE6E	C=GB, ST=Greater Manchester, L=Salford, O=COMODO CA Limited, CN=COMODO Certification Authority
1A2512CDA6744ABEA11432A2FDC9F8C088DB5A98C89E13352574CDE4D9E80CDD	C=ZA, ST=Western Cape, L=Somerset West, O=South African Post Office Limited, OU=SAPO Trust Centre, CN=SAPO Class 3 Root CA, emailAddress=pkiadmin@trustcentre.co.za
1AA0C2709E831BD6E3B5129A00BA41F7EEEF020872F1E6504BF0F6C3F24F3AF3	C=IN, OU=emSign PKI, O=eMudhra Technologies Limited, CN=emSign Root CA - G2
1AA980C8C0D316F25029978982F033CBB3A3F4188D669F2DE6A8D84EE00A1575	C=CZ, CN=I.CA - Qualified root certificate, O=První certifikační autorita, a.s.
1BA5B2AA8C65401A82960118F80BEC4F62304D83CEC4713A19C39C011EA46DB4	C=US, O=Amazon, CN=Amazon Root CA 2
1BA622B36325544AE922AFC22EF9D367943794F6E16874F368A733C65C9D5279	C=DE, O=DATEV eG, CN=CA DATEV STD 01
1BE7ABE30686B16348AFD1C61B6866A0EA7F4821E67D5E8AF937CF8011BC750D	C=GR, O=Hellenic Academic and Research Institutions CA, CN=HARICA Client RSA Root CA 2021
1C01C6F4DBB2FEFC22558B2BCA32563F49844ACFC32B7BE4B0FF599F9E8C7AF7	C=CN, O=China Internet Network Information Center, CN=China Internet Network Information Center EV Certificates Root
1C551005D7A178DB89AD5AA145742FF4EB37F88A8E77F3AD4C8347A5EED4DBF4	C=PA, ST=Panama, O=TrustCor Systems S. de R.L., OU=TrustCor Certificate Authority, CN=TrustCor RootCert CA-1
1DF0A470EABEDBD3A8CD7C7814C9A6E6D0D3BFB421B2DBFA8783DFD9695246D6	C=ZA, O=LAWtrust, CN=LAWtrust Root CA2 (4096)
1DF7E8B185CA46578D458D05129854FDE32EF1E9B36F0B96963CE38CAEABE4BC	C=CN, O=TrustAsia Technologies, Inc., CN=TrustAsia Global Root CA G2
1E1A6984B4E76BD709AEE3E9C9CF3118EAC096DAB9CC20DC25FAAB67297E965A	C=FR, O=ANSSI, OU=0002 130007669, CN=IGC/A AC racine Etat francais
1E49AC5DC69E86D0565DA2C1305C419330B0B781BFEC50E54A1B35AF7FDDD501	C=CH, O=SwissSign AG, CN=SwissSign Silver Root CA - G3
1E51942B84FD467BF77D1C89DA241C04254DC8F3EF4C22451FE7A89978BDCD4F	C=TW, O=Chunghwa Telecom Co., Ltd., CN=ePKI Root Certification Authority - G2
1E89663C4104FE020249E4A8961DF232A8D79C8B759999870DFA68B081FE1939	C=BR, O=ICP-Brasil, OU=SERPRO, CN=CA SERPRO Certificate Transparency Root TEST
1E910B40C08184C0CA20468E824502FF2485163F77B03BB73296823F03885621	C=DE, O=DATEV eG, CN=CA DATEV BT 01
1EEA09E623D764AF6F659141D3E41FBBE5158F9645801180A1A86CE5DF538B82	C=AE, O=DigitalTrust L.L.C., CN=DigitalTrust Root CA G4
209E956AF04DF3996507C887D356230D6EB49FDBDD2D8A058FF50B8F80F690AA	C=AU, O=GOV, OU=DoD, OU=PKI, OU=CAs, CN=Australian Defence Public Root CA
2193CFEA381211A1AEAA2DE984E630643A87160B1208118145EAFB8E1BC69958	C=US, ST=FL, L=Jacksonville, O=Network Solutions L.L.C., CN=Network Solutions ECC Certificate Authority
21DB20123660BB2ED418205DA11EE7A85A65E2BC6E55B5AF7E7899C8A266D92E	C=ch, O=Swisscom, OU=Digital Certificate Services, CN=Swisscom Root CA 1
229CCC196D32C98421CC119E78486EEBEF603AECD525C6B88B47ABB740692B96	C=US, O=Cisco Systems, CN=Cisco RXC-R2
22A2C1F7BDED704CC1E701B5F408C310880FE956B5DE2A4A44F99C873A25A7C8	C=US, ST=Texas, L=Houston, O=SSL Corporation, CN=SSL.com EV Root Certification Authority ECC
22D9599234D60F1D4BC7C7E96F43FA555B07301FD475175089DAFB8C25E477B3	C=GB, O=Sectigo Limited, CN=Sectigo Public Email Protection Root E46
23804203CA45D8CDE716B8C13BF3B448457FA06CC10250997FA01458317C41E5	C=ES, O=IZENPE S.A., CN=Izenpe.com
2399561127A57125DE8CEFEA610DDF2FA078B5C8067F4E828290BFB860E84B3C	C=US, O=VeriSign, Inc., OU=VeriSign Trust Network, OU=(c) 2008 VeriSign, Inc. - For authorized use only, CN=VeriSign Universal Root Certification Authority
242B69742FCB1E5B2ABF98898B94572187544E5B4D9911786573621F6A74B82C	C=FI, O=Telia Finland Oyj, CN=Telia Root CA v2
24A55C2AB051442D0617766541239A4AD032D7C55175AA34FFDE2FBC4F5C5294	C=JP, O=SECOM Trust Systems CO.,LTD., CN=Security Communication RootCA3
2530CC8E98321502BAD96F9B1FBA1B099E2D299E0F4548BB914F363BC0D4531F	C=ES, O=IZENPE S.A., CN=Izenpe.com
2605875AFCC176B2D66DD66A995D7F8D5EBB86CE120D0E7E9E7C6EF294A27D4C	CN=ComSign Global Root CA, O=ComSign Ltd., C=IL
261D7114AE5F8FF2D8C7209A9DE4289E6AFC9D717023D85450909199F1857CFE	C=PT, O=DigitalSign Certificadora Digital, CN=DIGITALSIGN GLOBAL ROOT ECDSA CA
26C56AD2208D1E9B152F66853BF4797CBEB7552C1F3F477251E8CB1AE7E797BF	C=US, O=DigiCert, Inc., CN=DigiCert CS ECC P384 Root G5
26C6C5FD4928FD57A8A4C5724FDD279745869C60C338E262FFE901C31BD1DB2B	C=BE, O=GlobalSign nv-sa, CN=GlobalSign Code Signing Root E45
27995829FE6A7515C1BFE848F9C4761DB16C225929257BF40D0894F29EA8BAF2	C=FR, O=OpenTrust, CN=OpenTrust Root CA G2
2A575471E31340BC21581CBD2CF13E158463203ECE94BCF9D3CC196BF09A5472	C=US, O=Google Trust Services LLC, CN=GTS Root R1
2A8DA2F8D23E0CD3B5871ECFB0F42276CA73230667F474EEDE71C5EE32CC3EC6	C=TH, O=Electronic Transactions Development Agency (Public Organization), OU=Thailand National Root Certification Authority, CN=Thailand National Root Certification Authority - G1
2A99F5BC1174B73CBB1D620884E01C34E51CCB3978DA125F0E33268883BF4158	C=FR, O=Certinomis, OU=0002 433998903, CN=Certinomis - Root CA
2BCBBFD66282C680491C8CD7735FDBBAB7A8079B127BEC60C535976834399AF7	C=BE, O=GlobalSign nv-sa, CN=GlobalSign Timestamping Root R45
2CABEAFE37D06CA22ABA7391C0033D25982952C453647349763A3AB5AD6CCF69	OU=GlobalSign Root CA - R6, O=GlobalSign, CN=GlobalSign
2CE1CB0BF9D2F9E102993FBE215152C3B2DD0CABDE1C68E5319B839154DBB7F5	C=US, ST=Arizona, L=Scottsdale, O=Starfield Technologies, Inc., CN=Starfield Root Certificate Authority - G2
2D47437DE17951215A12F3C58E51C729A58026EF1FCC0A5FB3D9DC012F600D19	C=JP, O=Japanese Government, OU=ApplicationCA
2D66A702AE81BA03AF8CFF55AB318AFA919039D9F31B4D64388680F81311B65A	C=IN, O=India PKI, CN=CCA India 2011
2DDE9D0C0A90E7B32B5ABC01F41799D42E95A1E3C31C3B39373BB8141EA54471	C=AT, O=A-Trust Ges. f. Sicherheitssysteme im elektr. Datenverkehr GmbH, OU=A-Trust-Root-05, CN=A-Trust-Root-05
2E19FA7CD069B3AA10B570D3E654C24217B229C67FB3BE87D1D6006C8F514DA9	C=PT, O=ACIN-iCloud Solutions, Lda, OU=Global Trusted Sign, CN=Global Trusted Sign Root Certification Authority 01
2E3A2BB5112505836CA8968BE2CB3727CE9B56845C6EE98E9185104AFB9AF596	C=US, O=Equifax Secure Inc., CN=Equifax Secure eBusiness CA-1
2E44102AB58CB85419451C8E19D9ACF3662CAFBC614B6A53960A30F7D0E2EB41	C=TN, O=Agence Nationale de Certification Electronique, CN=TunTrust Root CA
2E7BF16CC22485A7BBE2AA8696750761B0AE39BE3B2FE9D0CC6D4EF73491425C	C=US, ST=Texas, L=Houston, O=SSL Corporation, CN=SSL.com EV Root Certification Authority RSA R2
2EE6E5FE882F2B92705456AB78368BE83731485277CD0BD9BA381C99135F86E2	C=ES, O=Víntegris SL, L=Hospitalet de Llobregat, organizationIdentifier=VATES-B62913926, CN=vinCAsign Qualified Authority, ST=Barcelona
2FFB7F813BBBB3C89AB4E8162D0F16D71509A830CC9D73C262E5140875D1AD4A	C=US, O=CommScope, CN=CommScope Public Trust ECC Root-02
309B4A87F6CA56C93169AAA99C6D988854D7892BD5437E2D07B29CBEDA55D35D	C=DE, O=TC TrustCenter GmbH, OU=TC TrustCenter Universal CA, CN=TC TrustCenter Universal CA III
30D0895A9A448A262091635522D1F52010B5867ACAE12C78EF958FD4F4389F2F	C=US, O=IdenTrust, CN=IdenTrust Public Sector Root CA 1
30FBBA2C32238E2A98547AF97931E550428B9B3F1C8EEB6633DCFA86C5B27DD3	C=CN, O=iTrusChina Co.,Ltd., CN=vTrus ECC Root CA
319A7F79258C33992B6BA277005AD3EA1802D899A99E42CD541750A4B4CC7CCD	C=AE, O=DarkMatter L.L.C., CN=DarkMatter Root CA G4
319AF0A7729E6F89269C131EA6A3A16FCD86389FDCAB3C47A4A675C161A3F974	C=BE, O=GlobalSign nv-sa, CN=GlobalSign Secure Mail Root R45
31AD6648F8104138C738F39EA4320133393E3A18CC02296EF97C2AC9EF6731D0	C=US, O=DigiCert Inc, OU=www.digicert.com, CN=DigiCert Global Root G3
327A3D761ABADEA034EB998406275CB1A4776EFDAE2FDF6D0168EA1C4F5567D0	C=HU, L=Budapest, O=Microsec Ltd., OU=e-Szigno CA, CN=Microsec e-Szigno Root CA
3417BB06CC6007DA1B961C920B8AB4CE3FAD820E4AA30B9ACBC4A74EBDCEBC65	C=US, ST=Texas, L=Houston, O=SSL Corporation, CN=SSL.com Root Certification Authority ECC
341DE98B1392ABF7F4AB90A960CF25D4BD6EC65B9A51CE6ED067D00EC7CE9B7F	C=US, O=VeriSign, Inc., OU=Class 1 Public Primary Certification Authority - G2, OU=(c) 1998 VeriSign, Inc. - For authorized use only, OU=VeriSign Trust Network
349DFA4058C5E263123B398AE795573C4E1313C83FE68F93556CD5E8031B3C7D	C=US, O=Google Trust Services LLC, CN=GTS Root R4
34BB34E14FAED0D3392F2FC441C0ECD5FD88AD88118DF2D1BA76CDEC1EEA10B8	C=SA, O=National Center for Digital Certification, OU=Saudi National Root CA
34D8A73EE208D9BCDB0D956520934B4E40E69482596E8B6F73C8426B010A6F48	C=US, O=Google Trust Services LLC, CN=GTS Root R3
34FF2A4409DC1383E9F8966E8ADFE5719EBA373FD0AD5E2F49F90EE07CF5D4C1	C=FI, O=Vaestorekisterikeskus CA, OU=Certification Authority Services, OU=Varmennepalvelut, CN=VRK Gov. Root CA - G2
358DF39D764AF9E1B766E9C972DF352EE15CFAC227AF6AD1D70E8E4A6EDCBA02	C=US, O=Microsoft Corporation, CN=Microsoft ECC Root Certificate Authority 2017
35AE5BDDD8F7AE635CFFBA5682A8F00B95F48462C7108EE9A0E5292B074AAFB2	CN=EBG Elektronik Sertifika Hizmet Sağlayıcısı, O=EBG Bilişim Teknolojileri ve Hizmetleri A.Ş., C=TR
363F3C849EAB03B0A2A0F636D7B86D04D3AC7FCFE26A0A9121AB9795F6E176DF	C=US, O=Symantec Corporation, OU=Symantec Trust Network, CN=Symantec Class 1 Public Primary Certification Authority - G4
36544D2FCE03C6C72B70EB1A8064264DC1511768C2D8F76A8B9F1F2BBD153B7D	C=ES, O=Agencia Notarial de Certificacion S.L. Unipersonal - CIF B83395988, CN=ANCERT Corporaciones de Derecho Publico
371A00DC0533B3721A7EEB40E8419E70799D2B0A0F2C1D80693165F7CEC4AD75	C=US, O=DigiCert, Inc., CN=DigiCert TLS RSA4096 Root G5
37D51006C512EAAB626421F1EC8C92013FC5F82AE98EE533EB4619B8DEB4D06C	C=US, O=GeoTrust Inc., CN=GeoTrust Primary Certification Authority
37D8DC8AF7867845DA3344A6B1BADE448D8A80E47B5579F96BF631768F9F30F6	C=DE, ST=Baden-Wuerttemberg (BW), L=Stuttgart, O=Deutscher Sparkassen Verlag GmbH, CN=S-TRUST Authentication and Encryption Root CA 2005:PN
38BE6C7EEB4547D82B9287F243AF32A9DEEB5DC5C9A87A0056F938D91B456A5A	C=BE, O=GlobalSign nv-sa, CN=GlobalSign Document Signing Root R45
3945E08A8D4A0554B7605A7B355B10188E3EF842C76A805C54E3657C4D041AAA	C=HK, ST=Hong Kong, L=Hong Kong, O=Hongkong Post, CN=Hongkong Post Root CA 2
39AE2E6F304A6236BDF9066718DDC69E51AF5ED05A63F2EE8D80CA1D1CC8FE4F	C=GR, O=BYTE Computer S.A., CN=BYTE Root Certification Authority 001
39DF7B682B7B938F84715481CCDE8D60D8F22EC598877D0AAAC12B59182B0312	C=HU, L=Budapest, O=NetLock Halozatbiztonsagi Kft., OU=Tanusitvanykiadok, CN=NetLock Uzleti (Class B) Tanusitvanykiado
3A43E220FE7F3EA9653D1E21742EAC2B75C20FD8980305BC502CAF8C2D9B41A1	C=US, O=VeriSign, Inc., OU=Class 2 Public Primary Certification Authority - G2, OU=(c) 1998 VeriSign, Inc. - For authorized use only, OU=VeriSign Trust Network
3AF21466920FA91FA31F4331E445C16BE2330024BFD2C239C0D85AB530714766	C=US, O=DigiCert, Inc., CN=DigiCert Client RSA4096 Root G5
3B222E566711E992300DC0B15AB9473DAFDEF8C84D0CEF7D3317B4C1821D1436	C=CH, O=SwissSign AG, CN=SwissSign Platinum CA - G2
3C4FB0B95AB8B30032F432B86F535FE172C185D0FD39865837CF36187FA6F428	C=NL, O=Staat der Nederlanden, CN=Staat der Nederlanden Root CA - G3
3C5F81FEA5FAB82C64BFA2EAECAFCDE8E077FC8620A7CAE537163DF36EDBF378	C=HU, L=Budapest, O=Microsec Ltd., CN=Microsec e-Szigno Root CA 2009, emailAddress=info@e-szigno.hu
3CCC3CCFE45496D07B620DBF1328E8A1490018F48633C8A28A995CA60408B0BE	CN=ComSign Advanced Security CA
3CFC3C14D1F684FF17E38C43CA440C00B967EC933E8BFE064CA1D72C90F2ADB0	emailAddress=contacto@procert.net.ve, L=Chacao, ST=Miranda, OU=Proveedor de Certificados PROCERT, O=Sistema Nacional de Certificacion Electronica, C=VE, CN=PSCProcert
3E83A6C780B4C5B87538AD2E43A203708FF7FF29BEDC7B20626BF7C009199C0A	C=AE, O=UAE Government, CN=UAE Global Root CA G4
3E84BA4342908516E77573C0992F0979CA084E4685681FF195CCBA8A229B8A76	C=EE, O=AS Sertifitseerimiskeskus, CN=EE Certification Centre Root CA, emailAddress=pki@sk.ee
3E9099B5015E8F486C00BCEA9D111EE721FABA355A89BCF1DF69561E3DC6325C	C=US, O=DigiCert Inc, OU=www.digicert.com, CN=DigiCert Assured ID Root CA
3F034BB5704D44B2D08545A02057DE93EBF3905FCE721ACBC730C06DDAEE904E	C=JP, O=Cybertrust Japan Co., Ltd., CN=SecureSign Root CA12
3F06E55681D496F5BE169EB5389F9F2B8FF61E1708DF6881724849CD5D27CB69	C=GB, ST=Greater Manchester, L=Salford, O=Comodo CA Limited, CN=Trusted Certificate Services
3F99CC474ACFCE4DFED58794665E478D1547739F2E780F1BB4CA9B133097D401	C=GR, O=Hellenic Academic and Research Institutions CA, CN=HARICA TLS ECC Root CA 2021
3F9DA4744EC9676CD38B530E500A463FBCB18165977FF0DA6D5993C3FE5FAB7C	C=GB, O=Trustis Limited, OU=Trustis EVS Root CA
3FD4BE8BAAD2F26E1BDE06C7584BB720DD1A972D111F5A4999BC44B08FB4960D	C=US, ST=Washington, L=Redmond, O=Microsoft Corporation, CN=Microsoft ECC TS Root Certificate Authority 2018
407C276BEAD2E4AF0661EF6697341DEC0A1F9434E4EAFB2D3D32A90549D9DE4A	C=KR, O=Government of Korea, OU=GPKI, CN=GPKIRootCA1
40F6AF0346A99AA1CD1D555A4E9CCE62C7F9634603EE406615833DC8C8D00367	C=IN, OU=emSign PKI, O=eMudhra Technologies Limited, CN=emSign Root CA - G1
416B1F9E84E74C1D19B23D8D7191C6AD81246E641601F599132729F507BEB3CC	C=AT, ST=Wien, L=Wien, O=e-commerce monitoring GmbH, OU=GLOBALTRUST Certification Service, CN=GLOBALTRUST 2015
417DCF3180F4ED1A3747ACF1179316CD48CB05C5788435168AED98C98CDCB615	C=NL, O=Digidentity B.V., CN=Digidentity L3 Root CA - G2
41C923866AB4CAD6B7AD578081582E020797A6CBDF4FFF78CE8396B38937D7F5	C=CH, O=WISeKey, OU=Copyright (c) 2005, OU=OISTE Foundation Endorsed, CN=OISTE WISeKey Global Root GA CA
4200F5043AC8590EBB527D209ED1503029FBCBD41CA1B506EC27F15ADE7DAC69	C=US, O=SecureTrust Corporation, CN=Secure Global CA
4210F199499A9AC33C8DE02BA6DBAA14408BDD8A6E324689C1922D069715A332	C=FR, O=KEYNECTIS, OU=ROOT, CN=KEYNECTIS ROOT CA
42143A511A3AFCDD80D555DEBB4191EC6BB285EE66E62EC657ED20ADF7D55FAA	C=FR, O=Certeurope, OU=0002 434202180, CN=Certeurope Root CA 2
4348A0E9444C78CB265E058D5E8944B4D84F9662BD26DB257F8934A443C70161	C=US, O=DigiCert Inc, OU=www.digicert.com, CN=DigiCert Global Root CA
43DF5774B03E7FEF5FE40D931A7BEDF1BB2E6B42738C4E6D3841103D3AA7F339	C=US, O=Entrust, Inc., OU=See www.entrust.net/legal-terms, OU=(c) 2009 Entrust, Inc. - for authorized use only, CN=Entrust Root Certification Authority - G2
43F257412D440D627476974F877DA8F1FC2444565A367AE60EDDC27A412531AE	C=US, ST=UT, L=Salt Lake City, O=The USERTRUST Network, OU=http://www.usertrust.com, CN=UTN-USERFirst-Client Authentication and Email
4404E33B5E140DCF998051FDFC8028C7C81615C5EE737B111B588233A9B535A0	CN=TÜRKTRUST Elektronik Sertifika Hizmet Sağlayıcısı, C=TR, L=ANKARA, O=(c) 2005 TÜRKTRUST Bilgi İletişim ve Bilişim Güvenliği Hizmetleri A.Ş.
44B545AA8A25E65A73CA15DC27FC36D24C1CB9953A066539B11582DC487B4833	C=GR, L=Athens, O=Hellenic Academic and Research Institutions Cert. Authority, CN=Hellenic Academic and Research Institutions ECC RootCA 2015
45140B3247EB9CC8C5B4F0D7B53091F73292089E6E5A63E2749DD3ACA9198EDA	C=US, ST=Arizona, L=Scottsdale, O=GoDaddy.com, Inc., CN=Go Daddy Root Certificate Authority - G2
46273285615D96E52DA9FC2ED8C036F10AF3D9F6280F8D288706C52B2011B4DA	C=UY, O=ADMINISTRACION NACIONAL DE CORREOS, OU=SERVICIOS ELECTRONICOS, CN=Correo Uruguayo - Root CA
465789B2E9C4DC030BB878626CFEF41FCD28DFA2A9ABDF9827EB92B66DC57D8D	C=US, ST=Texas, L=Houston, O=SSL Corporation, CN=SSL.com Root Certification Authority RSA - Test
468B26E0C64CE0D9CDA42726CEE3570147E5C8F352C8AA7EBDE586E852402628	C=IT, L=Ponte San Pietro, O=Actalis S.p.A., CN=Actalis Authentication Root CA Test
46CD083B47E80402028DF493960EA19C85FE851950D5165F1C7DA4FAA951E2F8	C=US, OU=emSign PKI, O=eMudhra Inc, CN=emSign Root CA - C2
46EDC3689046D53A453FB3104AB80DCAEC658B2660EA1629DD7E867990648716	C=TR, L=Gebze - Kocaeli, O=Turkiye Bilimsel ve Teknolojik Arastirma Kurumu - TUBITAK, OU=Kamu Sertifikasyon Merkezi - Kamu SM, CN=TUBITAK Kamu SM SSL Kok Sertifikasi - Surum 1
488E134F30C5DB56B76473E608086842BF21AF8AB3CD7AC67EBDF125D531834E	C=PT, O=SCEE, CN=ECRaizEstado
488FCA189EAADF54A3F920ED39E587183BA512232999FAE3E4A285FE98E298D1	C=PA, ST=Panama, L=Panama City, O=TrustCor Systems S. de R.L., OU=TrustCor Certificate Authority, CN=TrustCor RootCert CA-1
4898C6888C0CFFB0D3E31ACA8A37D4E3515FF746D02635D86646CFA0A3185AE7	C=DK, O=TDC Internet, OU=TDC Internet Root CA
49351B903444C185CCDC5C693D24D8555CB208D6A8141307699F4AF063199D78	C=TR, L=Ankara, O=TÜRKTRUST Bilgi İletişim ve Bilişim Güvenliği Hizmetleri A.Ş., CN=TÜRKTRUST Elektronik Sertifika Hizmet Sağlayıcısı H5
4941B001B8A97E961B7817C9D9E960EC4B056BFC915A8C1AABF6EF6B3AC046A5	C=GB, O=Sectigo Limited, CN=Sectigo Public Time Stamping Root R46
49E7A442ACF0EA6287050054B52564B650E4F49E42E348D6AA38E039E957B1C1	C=DE, O=D-Trust GmbH, CN=D-TRUST Root Class 3 CA 2 2009
4A921D742BDC6551CA7A39661A3844C222DCA3F0A7ECCDCB87D26DE611946D87	C=BR, O=ICP-Brasil, OU=<valor>, OU=<valor>, OU=Certisign Tecnologia da Informacao - DEV, CN=Certisign Certificadora Raiz Brasileira - DEV
4B009C1034494F9AB56BBA3BA1D62731FC4D20D8955ADCEC10A925607261E338	C=JP, O=Cybertrust Japan Co., Ltd., CN=SecureSign Root CA14
4B03F45807AD70F21BFC2CAE71C9FDE4604C064CF5FFB686BAE5DBAAD7FDD34C	C=US, O=thawte, Inc., OU=Certification Services Division, OU=(c) 2008 thawte, Inc. - For authorized use only, CN=thawte Primary Root CA - G3
4B22D5A6AEC99F3CDB79AA5EC06838479CD5ECBA7164F7F22DC1D65F63D85708	C=CN, O=WoSign CA Limited, CN=Certification Authority of WoSign
4B3F646CD878C2B0659A727E0EB8780E5010ECEC03E2EF5E679880E265D486A3	C=AE, O=DarkMatter L.L.C., CN=DarkMatter Root CA G3
4BE8B5A1C76C6AEAD0611918FCCF9DBD398B67FB12294758BDF994D0F9682F60	C=ES, O=Agencia Notarial de Certificacion S.L.U. - CIF B83395988, CN=ANCERT Certificados Notariales V2
4D2491414CFE956746EC4CEFA6CF6F72E28A1329432F9D8A907AC4CB5DADC15A	C=NL, O=Staat der Nederlanden, CN=Staat der Nederlanden EV Root CA
4D9EBB28825C9643AB15D54E5F9614F13CB3E95DE3CF4EAC971301F320F9226E	C=ES, O=FNMT-RCM, OU=AC RAIZ FNMT-RCM
4FA3126D8D3A11D1C4855A4F807CBAD6CF919D3A5A88B03BEA2C6372D93C40C9	C=BE, O=GlobalSign nv-sa, CN=GlobalSign Root R46
4FF460D54B9C86DABFBCFC5712E0400D2BED3FBC4D4FBDAA86E06ADCD2A9AD7A	C=US, ST=New Jersey, L=Jersey City, O=The USERTRUST Network, CN=USERTrust ECC Certification Authority
507941C74460A0B47086220D4E9932572AB5D1B5BBCB8980AB1CB17651A844D2	CN=ComSign Secured CA, O=ComSign, C=IL
513B2CECB810D4CDE5DD85391ADFC6C2DD60D87BB736D2B521484AA47A0EBEF6	C=JP, O=SECOM Trust Systems CO.,LTD., OU=Security Communication RootCA2
515869A435D6D47D3EB8F38D6F9198EC83F2A56AD31CC1AEDE4F7B89DA69E4BF	C=AE, O=DarkMatter LLC, CN=DarkMatter Root CA G4
51847C8CBD2E9A72C91E292D2AE247D7DE1E3FD270547A20EF7D610F38B8842C	C=US, O=VeriSign, Inc., OU=Class 1 Public Primary Certification Authority
51A7ECB93ACB55FF0E34CD0ECFD1578978B37E9EDB82FD06F23F6CEC005B986D	C=AE, O=UAE Government, CN=UAE Global Root CA G4 E2
52F0E1C4E58EC629291B60317F074671B85D7EA80D5B07273463534B32B40234	C=GB, ST=Greater Manchester, L=Salford, O=COMODO CA Limited, CN=COMODO RSA Certification Authority
5367F20C7ADE0E2BCA790915056D086B720C33C1FA2A2661ACF787E3292E1270	C=US, O=Microsoft Corporation, CN=Microsoft Identity Verification Root Certificate Authority 2020
53DFDFA4E297FCFE07594E8C62D5B8AB06B32C7549F38A163094FD6429D5DA43	C=US, O=Symantec Corporation, OU=Symantec Trust Network, CN=Symantec Class 3 Public Primary Certification Authority - G4
54455F7129C20B1447C418F997168F24C58FC5023BF5DA5BE2EB6E1DD8902ED5	C=LU, O=LuxTrust S.A., CN=LuxTrust Global Root 2
54AE8A683FE2D78FF1EF0E0B3F58425092953BA08C67FE4A95595D1CEBCDCB30	C=DE, O=DATEV eG, CN=CA DATEV STD 03
54B4FC43D44AA4CA9FC03CA7E9949FBAE267A064D02DA21852412A381B5D1537	C=JP, O=LGPKI, CN=Application CA G3 Root
54E18BDD10BFB1AAFC6EB04EED826F84C40FE7A3D67995642057C25B7F976FB0	C=CN, O=CA TEST RSA
552F7BDCF1A7AF9E6CE672017F4F12ABF77240C78E761AC203D1D9D20AC89988	C=US, O=DigiCert Inc, OU=www.digicert.com, CN=DigiCert Trusted Root G4
5533A0401F612C688EBCE5BF53F2EC14A734EB178BFAE00E50E85DAE6723078A	CN=Autoridad Certificadora Raíz Nacional de Uruguay, O=AGESIC, C=UY
554153B13D2CF9DDB753BFBE1A4E0AE08D0AA4187058FE60A2B862B2E4B87BCB	C=ES, O=FNMT-RCM, OU=Ceres, organizationIdentifier=VATES-Q2826004J, CN=AC RAIZ FNMT-RCM SERVIDORES SEGUROS
5546A52504FBA74F61FFD4890067529ADE3B9C9D07E502592831CCDA9B369FD3	C=FI, O=Digi- ja vaestotietovirasto CA, OU=Certification Authority Services, OU=Varmennepalvelut, CN=DVV Gov. Root CA - G3 ECC
55903859C8C0C3EBB8759ECE4E2557225FF5758BBD38EBD48276601E1BD58097	C=US, ST=Illinois, L=Chicago, O=Trustwave Holdings, Inc., CN=Trustwave Global ECC P384 Certification Authority
55926084EC963A64B96E2ABE01CE0BA86A64FBFEBCC7AAB5AFC155B37FD76066	C=IT, L=Milan, O=Actalis S.p.A./03358520967, CN=Actalis Authentication Root CA
5607E260163F49C8EA4175A1C0A53B13195CB7D07845611E943A2FF507036834	C=ES, O=Consejo General de la Abogacia NIF:Q-2863006I, CN=Autoridad de Certificacion de la Abogacia
568D6905A2C88708A4B3025190EDCFEDB1974A606A13C6E5290FCB2AE63EDAB5	C=US, ST=Arizona, L=Scottsdale, O=Starfield Technologies, Inc., CN=Starfield Services Root Certificate Authority - G2
56C77128D98C18D91B4CFDFFBC25EE9103D4758EA2ABAD826A90F3457D460EB4	C=FR, O=OpenTrust, CN=OpenTrust Root CA G1
56C9A62B261589B0F5CD71E2E2C2E569D74B51A831B7ACB6A7FA4EB238EFC2FF	C=GB, O=Sectigo Limited, CN=Sectigo Public Root E46
56CE347CC6DF4C35943DFDEAEE023F9739A3F1CEDEEE0CD88DC2386BC8A91EAF	CN=TÜRKTRUST Elektronik İşlem Hizmetleri, C=TR, L=Ankara, O=TÜRKTRUST Bilgi İletişim ve Bilişim Güvenliği Hizmetleri A.Ş. (c) Kasım 2005
574DF6931E278039667B720AFDC1600FC27EB66DD3092979FB73856487212882	C=CN, O=BEIJING CERTIFICATE AUTHORITY, CN=BJCA Global Root CA2
57D705F10BA0EE4E26338EE8E799F202817CEE2DD3FB67459639B632B80763B4	C=LK, O=Sri Lanka CERT, OU=Root Certification Authority, CN=National Certification Authority of Sri Lanka - G1
57DE0583EFD2B26E0361DA99DA9DF4648DEF7EE8441C3B728AFA9BCDE0F9B26A	C=ES, CN=Autoridad de Certificacion Firmaprofesional CIF A62634068
58D017279CD4DC63ABDDB196A6C9906C30C4E08783EAE8C1609954D69355596B	L=ValiCert Validation Network, O=ValiCert, Inc., OU=ValiCert Class 2 Policy Validation Authority, CN=http://www.valicert.com/, emailAddress=info@valicert.com
58E91C964F50C8B98571D01C0DF840DD65C2518CAC60079FF6C66BFC438DB6AB	C=AE, O=UAE Government, CN=STG UAE Global Root CA G4 E2
59769007F7685D0FCD50872F9F95D5755A5B2B457D81F3692B610A98672F0E1B	C=TW, O=TAIWAN-CA, OU=Root CA, CN=TWCA Global Root CA
59912D06AE6AC4412941636249AC4A77FD54548106DF3A09983248B06BE0A87B	C=GR, L=Athens, O=Hellenic Academic and Research Institutions Cert. Authority, CN=Hellenic Academic and Research Institutions RootCA 2015 - Test
59B3829F1FF443344958FAE8BFF621B684C848CFBF7EAD6B63A6CA50F2794F89	C=CH, O=SwissSign AG, CN=SwissSign Platinum Root CA - G3
5A1B5D6BC65523B40A6DEFFA45B48E4288AE8DD86DD70A5B858D4A5AFFC94F71	C=SI, O=Halcom, CN=Halcom CA FO
5A2FC03F0C83B090BBFA40604B0988446C7636183DF9846E17101A447FB8EFD6	C=HK, ST=Hong Kong, L=Hong Kong, O=Hongkong Post, CN=Hongkong Post Root CA 3
5A885DB19C01D912C5759388938CAFBBDF031AB2D48E91EE15589B42971D039C	C=PA, ST=Panama, L=Panama City, O=TrustCor Systems S. de R.L., OU=TrustCor Certificate Authority, CN=TrustCor ECA-1
5A8C7B5EB888CFCE9322068E80E82B28B554FFEB7FDC9638DCB3763077401D26	OU=GlobalSign Trusted Computing Certificate Authority, O=GlobalSign, CN=GlobalSign Trusted Platform Module ECC Root CA
5AB4FCDB180B5B6AF0D262A2375A2C77D25602015D96648756611E2E78C53AD3	C=HR, O=Financijska agencija, CN=Fina Root CA
5ADFA25013BED3710831572DE51C4B9A21171C00313249C4CB4719D37FBB8D20	C=US, ST=Texas, L=Houston, O=SSL Corporation, CN=SSL.com EV Root Certification Authority RSA
5B1D9D24DE0AFEA8B35BA04A1C3E25D0812CDF7C4625DE0A89AF9FE4BBD1BB15	CN=AC1 RAIZ MTIN, serialNumber=S2819001E, OU=PRESTADOR DE SERVICIOS DE CERTIFICACION MTIN, OU=SUBDIRECCION GENERAL DE PROCESO DE DATOS, O=MINISTERIO DE TRABAJO E INMIGRACION, L=MADRID, C=ES
5B789987F3C4055B8700941B33783A5F16E0CFF937EA32011FE04779F7635308	O=VeriSign Trust Network, OU=VeriSign, Inc., OU=VeriSign Time Stamping Service Root, OU=NO LIABILITY ACCEPTED, (c)97 VeriSign, Inc.
5C58468D55F58E497E743982D2B50010B6D165374ACF83A7D4A32DB768C4408E	C=PL, O=Unizeto Technologies S.A., OU=Certum Certification Authority, CN=Certum Trusted Network CA
5CBF6FB81FD417EA4128CD6F8172A3C9402094F74AB2ED3A06B4405D04F30B19	C=BE, O=GlobalSign nv-sa, CN=GlobalSign Secure Mail Root E45
5CC3D78E4E1D5E45547A04E6873E64F90CF9536D1CCC2EF800F355C4C5FD70FD	C=CN, O=China Financial Certification Authority, CN=CFCA EV ROOT
5D56499BE4D2E08BCFCAD08A3E38723D50503BDE706948E42F55603019E528AE	C=US, O=IdenTrust, CN=IdenTrust Commercial Root CA 1
5E3571F33F45A7DF1537A68B5FFB9E036AF9D2F5BC4C9717130DC43D7175AAC7	C=AT, L=Vienna, ST=Austria, O=ARGE DATEN - Austrian Society for Data Protection, OU=GLOBALTRUST Certification Service, CN=GLOBALTRUST, emailAddress=info@globaltrust.info
5EDB7AC43B82A06A8761E8D7BE4979EBF2611F7DD79BF91C1C6B566A219ED766	C=US, O=GeoTrust Inc., OU=(c) 2007 GeoTrust Inc. - For authorized use only, CN=GeoTrust Primary Certification Authority - G2
5F0B62EAB5E353EA6521651658FBB65359F443280A4AFBD104D77D10F9F04C07	C=US, O=Equifax Secure Inc., CN=Equifax Secure Global eBusiness CA-1
5F960EEBD716DBCB4D8A78B996E680EC2547441E69B4E44E98A595502E28A002	C=JP, O=Japan Certification Services, Inc., CN=SecureSign RootCA1
60109BC6C38328598A112C7A25E38B0F23E5A7511CB815FB64E0C4FF05DB7DF7	C=IN, O=India PKI, CN=CCA India 2014
604D32D036895AED3BFEFAEB727C009EC0F2B3CDFA42A1C71730E6A72C3BE9D4	C=PT, O=MULTICERT - Serviços de Certificação Electrónica S.A., CN=MULTICERT Root Certification Authority 01
608142DA5C675DD47C1AA3A26EE329E24E81D5FF3B94017BC1C1A0C37DB4C1A0	C=ZA, ST=Gauteng, L=Johannesburg, O=TrustFactory(Pty)Ltd, OU=TrustFactory PKI Operations, CN=TrustFactory SSL Root Certificate Authority
608A7037AD57846C4991710A943AA2270D25EA08DA2D83F816385E10EAC368FF	CN=Starlink ECP384 Dev Root CA
618FDEE4A94086C0B3CCBF7916C8DD22B60FBCD93A51FCF4462F54934B25E806	C=GB, O=Example Limited, CN=Example A Vetted Assured Root CA
62B9267266212832A8E22DAB933D91C7011274ACF71703F9CC97833751A6E94F	C=ES, O=FNMT, OU=FNMT Clase 2 CA
62DD0BE9B9F50A163EA0F8E75C053B1ECA57EA55C8688F647C6881F2C8357B95	C=CH, O=SwissSign AG, CN=SwissSign Gold CA - G2
62F240278C564C4DD8BF7D9D4F6F366EA894D22F5F34D989A983ACEC2FFFED50	C=US, O=Entrust.net, OU=www.entrust.net/CPS incorp. by ref. (limits liab.), OU=(c) 1999 Entrust.net Limited, CN=Entrust.net Secure Server Certification Authority
630419AEC478CBB4BB8083DE9D9CF279752F039DEF16E46471B679CA93002DB0	C=US, O=Digital Signature Trust Co., OU=DSTCA E1
632D80BB096D209677D1734E5B35EA9D3019B9C44F8FCB2640C879039AC94EE8	C=TW, O=TAIWAN-CA, OU=Root CA, CN=TWCA Root Certification Authority
6332E54995B947400060F7314E1DA23DD92C7D535E1C7F762712F3FDD52FD8BB	C=US, O=CommScope, CN=Test CommScope Public Trust ECC Root-01
63343ABFB89A6A03EBB57E9B3F5FA7BE7C4F5C756F3017B3A8C488C3653E9179	CN=Apple Root CA - G3, OU=Apple Certification Authority, O=Apple Inc., C=US
6428665D0B97C1ECB876D2D5A93257D467FFC188DF66305DFD21F488E79C94EC	CN=Apple Secure Boot Root CA - G2, O=Apple Inc., C=US
6468BF8CF3CF688EBB2A6841BD70E97B5229B49DF8690D7B74193E9CE3886141	C=CZ, CN=I.CA - Standard Certification Authority, 09/2009, O=První certifikační autorita, a.s., OU=I.CA - Provider of Certification Services
65353833CF234C79562164F90849C0D104DBABF8EE41064D83E8CBE03BA1C5A5	C=SG, O=Netrust Pte Ltd, OU=Netrust Certificate Authority, CN=Netrust Root CA 2
657CFE2FA73FAA38462571F332A2363A46FCE7020951710702CDFBB6EEDA3305	C=RO, O=CERTSIGN SA, OU=certSIGN ROOT CA G2
65AF95F4BE86847344634282F941B2E605063EF0C8542F014CA088D182109E4F	C=US, ST=Washington, L=Redmond, O=Microsoft Corporation, CN=Microsoft Time Stamp Root Certificate Authority 2014
6639D13CAB85DF1AD9A23C443B3A60901E2B138D456FA71183578108884EC6BF	C=CA, ST=Ontario, L=Toronto, O=Echoworx Corporation, OU=Certification Services, CN=Echoworx Root CA2
668C83947DA63B724BECE1743C31A0E6AED0DB8EC5B31BE377BB784F91B6716F	C=NL, O=Staat der Nederlanden, CN=Staat der Nederlanden Root CA - G2
66960242DB2ED5906E113295F2454F33D6FB418C4C65E8166D43BE64D19BA4FA	C=US, O=Microsoft Corporation, CN=Microsoft EV RSA Root Certificate Authority 2017
6822A14A33ACE9CCC8C97129984E8D7F5D618D6935EC7AACF4262BCD182E2F4D	C=SE, O=PrimeKey Solutions AB, CN=CT Log Test Root
687FA451382278FFF0C8B11F8D43D576671C6EB2BCEAB413FB83D965D06D2FF2	C=SE, O=AddTrust AB, OU=AddTrust External TTP Network, CN=AddTrust External CA Root
68AD50909B04363C605EF13581A939FF2C96372E3F12325B0A6861E1D59F6603	C=US, O=Verizon Business, OU=OmniRoot, CN=Verizon Global Root CA
69062701346901A8E73BD846BFD1AE5752D389A85768DFCB04D6DDEEDC1D6B54	C=AE, O=DigitalTrust L.L.C., CN=DigitalTrust Root CA G3
69729B8E15A86EFC177A57AFB7171DFC64ADD28C2FCA8CF1507E34453CCB1470	C=US, O=Internet Security Research Group, CN=ISRG Root X2
69DDD7EA90BB57C93E135DC85EA6FCD5480B603239BDC454FC758B2A26CF7F79	C=US, O=VeriSign, Inc., OU=VeriSign Trust Network, OU=(c) 2007 VeriSign, Inc. - For authorized use only, CN=VeriSign Class 3 Public Primary Certification Authority - G4
69E2D06C30F366166165E91D68D1CEE5CC47584A80227E76666086C0107241EB	OU=GlobalSign Root CA - R2, O=GlobalSign, CN=GlobalSign
69FAC9BD55FB0AC78D53BBEE5CF1D597989FD0AAAB20A25151BDF1733EE7D122	C=US, O=VISA, OU=Visa International Service Association, CN=Visa eCommerce Root
6AEA30BC02CA85AFCFEC2F65F60881893C926925FD0704BD8ADA3F0F6EDDB699	C=US, ST=Washington, L=Redmond, O=Microsoft Corporation, CN=Microsoft EV ECC Root Certificate Authority 2017
6AEA30BC02CA85AFCFEC2F65F60881893C926925FD0704BD8ADA3F0F6EDDB699	C=US, ST=Washington, L=Redmond, O=Microsoft Corporation, CN=Microsoft EV ECC Root Certificate Authority 2017
6B328085625318AA50D173C98D8BDA09D57E27413D114CF787A0F5D06C030CF6	C=PL, O=Asseco Data Systems S.A., OU=Certum Certification Authority, CN=Certum EC-384 CA
6B4A15E2902FAE860E54B7AE579E5B0098E5DF64734DB9483FD194B1E5FB8D6	O=TeliaSonera, CN=TeliaSonera PreProd Root CA v1
6B6C1E01F590F5AFC5FCF85CD0B9396884048659FC2C6D1170D68B045216C3FD	C=ZA, ST=Western Cape, L=Durbanville, O=Thawte, OU=Thawte Certification, CN=Thawte Timestamping CA
6B9C08E86EB0F767CFAD65CD98B62149E5494A67F5845E7BD1ED019F27B86BD6	C=CH, O=WISeKey, OU=OISTE Foundation Endorsed, CN=OISTE WISeKey Global Root GB CA
6BAF50AE3467EFF3C35FEFDC76A02A97FAB6267723EDA91E99F1B3DC2B28F82E	C=AT, O=A-Trust Ges. f. Sicherheitssysteme im elektr. Datenverkehr GmbH, OU=A-Trust-Qual-03, CN=A-Trust-Qual-03
6C61DAC3A2DEF031506BE036D2A6FE401994FBD13DF9C8D466599274C446EC98	C=HU, L=Budapest, O=NetLock Kft., OU=Tanúsítványkiadók (Certification Services), CN=NetLock Arany (Class Gold) Főtanúsítvány
6CC05041E6445E74696C4CFBC9F80F543B7EABBB44B4CE6F787C6A9971C42F17	C=FR, O=Certplus, CN=Certplus Root CA G2
6CCFD302FC44BF4599329B9750878EA44E7E8566564BCBD586169762DD10C74E	C=AU, O=GOV, OU=DoD, OU=PKI, OU=CAs, CN=ADOCA02
6DC47172E01CBCB0BF62580D895FE2B8AC9AD4F873801E0C10B9C837D21EB177	O=Entrust.net, OU=www.entrust.net/CPS_2048 incorp. by ref. (limits liab.), OU=(c) 1999 Entrust.net Limited, CN=Entrust.net Certification Authority (2048)
6E0BFF069A26994C15DE2C4888CC54AF84882E5495B7FBF66BE9CCFFEC7489F6	C=BR, O=ICP-Brasil, OU=Instituto Nacional de Tecnologia da Informacao - ITI, CN=Autoridade Certificadora Raiz Brasileira v10
6EA1DB6719D6041A06FC0898E5B3CF349A8FA8ECEE85EDB005965628F617F7C8	C=MO, O=Macao Post, CN=Macao Post eSignTrust Root Certification Authority (G02)
6EA54741D004667EED1B4816634AA3A79E6E4B96950F8279DAFC8D9BD8812137	C=US, ST=UT, L=Salt Lake City, O=The USERTRUST Network, OU=http://www.usertrust.com, CN=UTN-USERFirst-Hardware
6EC6614E9A8EFD47D6318FFDFD0BF65B493A141F77C38D0B319BE1BBBC053DD2	C=CH, O=The Federal Authorities of the Swiss Confederation, OU=Services, OU=Certification Authorities, CN=Swiss Government Root CA I
6ED99F7D1B562E464A032C861DBB4137805377FA7F5683F0D4DA992B41306A6C	C=ZA, ST=Western Cape, L=Somerset West, O=South African Post Office Limited, OU=SAPO Trust Centre, CN=SAPO Class 4 Root CA, emailAddress=pkiadmin@trustcentre.co.za
6EF040E36483E5EE9EF3E09A840AC4CCBE3D2333E474A7A8488ECDAC6B7758D7	C=BR, O=ICP-Brasil, OU=Autoridade Certificadora Raiz Brasileira v10, CN=Autoridade Certificadora do SERPRO SSL
6FDB3F76C8B801A75338D8A50A7C02879F6198B57E594D318D3832900FEDCD79	C=KR, O=KISA, OU=Korea Certification Authority Central, CN=KISA RootCA 1
6FFF78E400A70C11011CD85977C459FB5AF96A3DF0540820D0F4B8607875E58F	C=US, ST=UT, L=Salt Lake City, O=The USERTRUST Network, OU=http://www.usertrust.com, CN=UTN-USERFirst-Object
70A73F7F376B60074248904534B11482D5BF0E698ECC498DF52577EBF2E93B9A	C=US, O=AffirmTrust, CN=AffirmTrust Premium
70B922BFDA0E3F4A342E4EE22D579AE598D071CC5EC9C30F123680340388AEA5	C=TW, O=Government Root Certification Authority
718A8A0A16DE8569D984FE811FDA98D1BF8AAFE53B58EAB348A341546ED83F58	C=CN, ST=河南省, L=南阳市, O=河南承裕商贸有限公司, OU=信息技术部, CN=承裕商贸—卧龙 (DEV)
71A1A38FF485137002DD5CD780B3873DDE146723EE28080ECF3738C7C4FEB1AE	C=CN, O=Global Digital Cybersecurity Authority Co., Ltd., CN=数安时代 R5 根 CA
71CCA5391F9E794B04802530B363E121DA8A3043BB26662FEA4DCA7FC951A4BD	C=US, O=Google Trust Services LLC, CN=GTS Root R4
7286CE249FE9E32BD4752257C17CD8F6991A9C1E6F1A3CC73304ED023E6AE4EB	C=PL, O=Telekomunikacja Polska S.A., OU=Signet Certification Authority, CN=Signet Root CA
732FF5BC473C33EFAAD9B187FB459A732FFBEEA59DF0FDFB8E2FB5DEF4032AFE	C=TR, O=Elektronik Bilgi Guvenligi A.S., CN=E-GUVEN Kok Elektronik Sertifika Hizmet Saglayicisi S2
7353B6D6C2D6DA4247773F3F07D075DECB5134212BEAD0928EF1F46115260941	C=US, O=DigiCert, Inc., CN=DigiCert CS RSA4096 Root G5
739710C5245E33EC8A243A1B20048FC9D5F4528599213845C164D004B8B667F9	C=ES, O=DIRECCION GENERAL DE LA POLICIA, OU=DNIE, CN=AC RAIZ DNIE
73C176434F1BC6D5ADF45B0E76E727287C8DE57616C1E6E6141A2B2CBC7D8E4C	C=US, O=Entrust, Inc., OU=www.entrust.net/CPS is incorporated by reference, OU=(c) 2006 Entrust, Inc., CN=Entrust Root Certification Authority
7431E5F4C3C1CE4690774F0B61E05440883BA9A01ED00BA6ABD7806ED3B118CF	C=US, O=DigiCert Inc, OU=www.digicert.com, CN=DigiCert High Assurance EV Root CA
744B1147B4A9A69C32785E9E37C3323241EF29F63E76F1603D6761A783D8A0FE	C=PA, ST=Panama, L=Panama City, O=TrustCor Systems S. de R.L., OU=TrustCor Certificate Authority, CN=TrustCor ECA-1
74CB3A4EA791AFB0A2D1A0B13301B3BEE0E50AD5C79A1A6F2C663E6F4EE7A484	C=si, O=state-institutions, OU=sigov-ca
7600295EEFE85B9E1FD624DB76062AAAAE59818A54D2774CD4C0B2C01131E1B3	C=TW, O=Government Root Certification Authority
767C955A76412C89AF688E90A1C70F556CFD6B6025DBEA10416D7EB6831F8C40	C=US, O=Digital Signature Trust, OU=DST ACES, CN=DST ACES CA X6
7707BB2BE9F7CE057060B8308C3BC087B56529B3638EAF5B2A8049C8E15ED720	C=LT, OU=RCSC, O=VI Registru centras- i.k. 124110246, CN=RCSC RootCA
77407312C63A153D5BC00B4E51759CDFDAC237DC2A33B67946E98E9BFA680AE3	C=US, O=America Online Inc., CN=America Online Root Certification Authority 1
77A03F69E4F3955589ACACA06F6773A0D98D16DEA05C6D94EE3EF6FB2BEB7605	C=CZ, CN=I.CA - Standard root certificate, O=Prvni certifikacni autorita a.s.
77B82CD8644C4305F7ACC5CB156B45675004033D51C60C6202A8E0C33467D3A0	C=US, O=Certainly, CN=Certainly Root R1
77E04C9A751C73F23E2A1336112EC8D5153D382A152FED89D7532C3102771F3C	L=Alvaro Obregon, ST=Distrito Federal, C=MX, postalCode=01030, street=Insurgentes Sur 1940, CN=Autoridad Certificadora Raiz de la Secretaria de Economia, OU=Direccion General de Normatividad Mercantil, O=Secretaria de Economia, emailAddress=acrse@economia.gob.mx
781D64DFA77B00F2C006700B1FDA86BF68B865A603C7A656F92E90C042CA2873	C=SG, O=Netrust Certificate Authority 1, OU=Netrust CA1
7908B40314C138100B518D0735807FFBFCF8518A0095337105BA386B153DD927	C=FI, O=Sonera, CN=Sonera Class2 CA
793CBF4559B9FDE38AB22DF16869F69881AE14C4B0139AC788A78A1AFCCA02FB	C=AT, O=A-Trust Ges. f. Sicherheitssysteme im elektr. Datenverkehr GmbH, OU=A-Trust-nQual-03, CN=A-Trust-nQual-03
794E774638CE7B3CF05EBC8967CF47315316C351DC26387476E0C099C2ED47CC	C=GR, O=Hellenic Academic and Research Institutions CA, CN=HARICA Code Signing ECC Root CA 2021
79B6C3C22C64D2F3AE305F4AA0E31A5B4EFD0A64CF42353E539DE8CD3D258986	C=US, O=STMicroelectronics Inc, CN=STM-POC-SBSFU-ROOT-TEST-CA-00
7A77C6C61EEEB9AA65C4EA410D65D895B26A81123283009DB104B48DE80B2479	C=US, ST=MN, L=Minneapolis, O=Open Access Technology International Inc, CN=OATI WebCARES Root CA
7AF6EA9F753A1E709BD64D0BEB867C11E8C295A56E24A6E0471459DCCDAA1558	C=CH, O=SwissSign AG, CN=SwissSign Gold Root CA - G3
7AFC9D01A62F03A2DE9637936D4AFE68090D2DE18D03F29C88CFB0B1BA63587F	CN=Developer ID Certification Authority, OU=Apple Certification Authority, O=Apple Inc., C=US
7B9D553E1C92CB6E8803E137F4F287D4363757F5D44B37D52F9FCA22FB97DF86	C=BE, O=GlobalSign nv-sa, CN=GlobalSign Code Signing Root R45
7BB647A62AEEAC88BF257AA522D01FFEA395E0AB45C73F93F65654EC38F25A06	C=GB, O=Sectigo Limited, CN=Sectigo Public Server Authentication Root R46
7D05EBB682339F8C9451EE094EEBFEFA7953A114EDB2F44949452FAB7D2FC185	C=US, O=DigiCert Inc, OU=www.digicert.com, CN=DigiCert Assured ID Root G2
7D2BF3489EBC9AD3448B8B0827715A3CBFE3D523E3B56A9B5FC1D2A2DA2F20FE	C=ES, O=Colegio de Registradores de la Propiedad y Mercantiles de España, OU=Certificado Propio, CN=Registradores de España - CA Raíz
7D3B465A6014E526C0AFFCEE2127D2311727AD811C26842D006AF37306CC80BD	C=US, O=America Online Inc., CN=America Online Root Certification Authority 2
7D8CE822222B90C0B14342C7A8145D1F24351F4D1A1FE0EDFD312EE73FB00149	C=FR, O=Certplus, CN=Class 1 Primary CA
7E37CB8B4C47090CAB36551BA6F45DB840680FBA166A952DB100717F43053FC2	C=US, O=DigiCert Inc, OU=www.digicert.com, CN=DigiCert Assured ID Root G3
7E76260AE69A55D3F060B0FD18B2A8C01443C87B60791030C9FA0B0585101A38	C=GB, O=Sectigo Limited, CN=Sectigo Public Code Signing Root R46
7F12CD5F7E5E290EC7D85179D5B72C20A5BE7508FFDB5BF81AB9684A7FC9F667	C=HU, ST=Hungary, L=Budapest, O=NetLock Halozatbiztonsagi Kft., OU=Tanusitvanykiadok, CN=NetLock Kozjegyzoi (Class A) Tanusitvanykiado
8095210805DB4BBC355E4428D8FD6EC2CDE3AB5FB97A9942988EB8F4DCD06016	C=SE, O=AddTrust AB, OU=AddTrust TTP Network, CN=AddTrust Qualified CA Root
8177D1A82BA501AFDD1E9483AD7DA912EE1E9FCB2A5A061FA3C479FA804CE6BA	C=ES, O=Agencia Notarial de Certificacion S.L. Unipersonal - CIF B83395988, CN=ANCERT Certificados CGN
81C2568503EB3BE5EEC366653960E6D1BE9448915E4605B793FBEB34CCB2470F	C=DE, O=DATEV eG, CN=CA DATEV BT 02
8244E8593A58E5EFFE2910F5CB2C718B74B9D405BB28C11DB7261C90DEAEBA7B	C=US, O=CommScope, CN=Test CommScope Public Trust RSA Root-01
82BD5D851ACF7F6E1BA7BFCBC53030D0E7BC3C21DF772D858CAB41D199BDF595	C=PT, O=DigitalSign Certificadora Digital, CN=DIGITALSIGN GLOBAL ROOT RSA CA
82D42DB3D657F1944E65C192B1DD58DB8DF8417B89165B045F5C6A70C5F8939E	C=TR, O=Elektronik Bilgi Guvenligi A.S., CN=E-GUVEN Kok Elektronik Sertifika Hizmet Saglayicisi S3
8325034CF46182FD7CDC7093C4E47C0AB5929B9388CD508FC329A2F031D41D5C	C=CN, ST=Henan, L=Nanyang, O=Peddie Institute Co., Ltd., OU=IT Department, CN=Peddie Institute Root Certificate Authority DEV, emailAddress=contact@peddie.institute
8327BC8C9D69947B3DE3C27511537267F59C21B9FA7B613FAFBCCD53B7024000	O=Cisco Systems, CN=Cisco Root CA 2048
83CE3C1229688A593D485F81973C0F9195431EDA37CC5E36430E79C7A888638B	C=US, O=VeriSign, Inc., OU=Class 3 Public Primary Certification Authority - G2, OU=(c) 1998 VeriSign, Inc. - For authorized use only, OU=VeriSign Trust Network
847DF6A78497943F27FC72EB93F9A637320A02B561D0A91B09E87A7807ED7C61	C=US, ST=Washington, L=Redmond, O=Microsoft Corporation, CN=Microsoft Root Certificate Authority 2011
85296C04EA6EBE27687B46C9DD4873D5713140DE498D28A7838BF759956CCDB3	C=SE, O=Swedish Social Insurance Agency, CN=Swedish Government Root Authority v3 SAT
8560F91C3624DABA9570B5FEA0DBE36FF11A8323BE9486854FB3F34A5571198D	C=CH, O=WISeKey, OU=OISTE Foundation Endorsed, CN=OISTE WISeKey Global Root GC CA
85666A562EE0BE5CE925C1D8890A6F76A87EC16D4D7D5F29EA7419CF20123B69	C=US, ST=Texas, L=Houston, O=SSL Corporation, CN=SSL.com Root Certification Authority RSA
85A0DD7DD720ADB7FF05F83D542B209DC7FF4528F7D677B18389FEA5E5C49E86	C=BM, O=QuoVadis Limited, CN=QuoVadis Root CA 2
85FB2F91DD12275A0145B636534F84024AD68B69B8EE88684FF711375805B348	C=US, ST=UT, L=Salt Lake City, O=The USERTRUST Network, OU=http://www.usertrust.com, CN=UTN - DATACorp SGC
8688E58F4C7A945FADCE7F62BFEF521B82DA7DC38BFDB0163478A5FE42E57870	C=AT, O=A-Trust Ges. f. Sicherheitssysteme im elektr. Datenverkehr GmbH, OU=A-Trust-nQual-03, CN=A-Trust-nQual-03
86A1ECBA089C4A8D3BBE2734C612BA341D813E043CF9E8A862CD5C57A36BBE6B	C=IN, OU=emSign PKI, O=eMudhra Technologies Limited, CN=emSign ECC Root CA - G3
86AB5A6571D3329ABCD2E4E637668BA89C731EC293B6CBA60F716340A091CEAE	C=US, O=Equifax Secure Inc., CN=Equifax Secure Global eBusiness CA-1
86D8219C7E2B6009E37EB14356268489B81379E076E8F372E3DDE8C162A34134	C=GB, ST=London, O=Google UK Ltd., OU=Certificate Transparency, CN=Merge Delay Monitor Root
873F4685FA7F563625252E6D36BCD7F16FC24951F264E47E1B954F4908CDCA13	C=TR, L=Ankara, O=E-Tugra EBG A.S., OU=E-Tugra Trust Center, CN=E-Tugra Global Root CA ECC v3
88497F01602F3154246AE28C4D5AEF10F1D87EBB76626F4AE0B7F95BA7968799	C=ES, O=Agencia Catalana de Certificacio (NIF Q-0801176-I), OU=Serveis Publics de Certificacio, OU=Vegeu https://www.catcert.net/verarrel (c)03, OU=Jerarquia Entitats de Certificacio Catalanes, CN=EC-ACC
885DE64C340E3EA70658F01E1145F957FCDA27AABEEA1AB9FAA9FDB0102D4077	DC=com, DC=microsoft, CN=Microsoft Root Certificate Authority
88EF81DE202EB018452E43F864725CEA5FBD1FC2D9D205730709C5D8B8690F46	C=BM, O=QuoVadis Limited, CN=QuoVadis Root CA 3 G3
88F438DCF8FFD1FA8F429115FFE5F82AE1E06E0C70C375FAAD717B34A49E7265	C=KR, O=NAVER BUSINESS PLATFORM Corp., CN=NAVER Global Root Certification Authority
8904C8A6A6340D5A5787D767A9F9824CBE1B35457B527354FC4DAD87272902EA	C=PA, O=TrustCor Systems S. de R.L., CN=Dev TrustCor RootCert CA-1
8918FD0DE9BD3242FD9D6649EDF0E11B03F938F1E966FA393DBE8CD9442C1D0D	C=MY, O=Pos Digicert Sdn. Bhd., OU=457608-K, CN=Pos Digicert Class 2 Root CA G4
894CE6DDB012CB3F736954668DE63F436080E95F17B7A81BD924EB21BEE9E440	C=SI, O=ACNLB
894EBC0B23DA2A50C0186B7F8F25EF1F6B2935AF32A94584EF80AAF877A3A06E	C=US, O=U.S. Government, OU=FPKI, CN=Federal Common Policy CA
8A3A7F7CF12DC9D8C87CC9C39065C73242FD56EA1D10910349FC8CB7E8253C82	CN=SpaceX Offline Root Certification Authority
8A5E4881D42F7475E8EC3726FCD5E51884AA04DAA9FA7ADAC8CD26452CF885D4	C=US, O=Symantec Corporation, CN=Symantec Enterprise Mobile Root for Microsoft
8A71DE6559336F426C26E53880D00D88A18DA4C6A91F0DCB6194E206C5C96387	C=CN, O=iTrusChina Co.,Ltd., CN=vTrus Root CA
8A866FD1B276B57E578E921C65828A2BED58E9F2F288054134B7F1F4BFC9CC74	C=BM, O=QuoVadis Limited, CN=QuoVadis Root CA 1 G3
8AC552AD577E37AD2C6808D72AA331D6A96B4B3FEBFF34CE9BC0578E08055EC3	C=AT, O=A-Trust Ges. f. Sicherheitssysteme im elektr. Datenverkehr GmbH, OU=A-Trust-Root-07, CN=A-Trust-Root-07
8B0F0FAA2C00FE0532A8A54E7BC5FD139C1922C4F10F0B16E10FB8BE1A634964	C=BE, O=GlobalSign nv-sa, CN=GlobalSign Client Authentication Root E45
8B3FDB151AF759C566143E07C950EDE4F9E8C7CF808453D33BCB78E52A400AF9	C=SI, O=Halcom, CN=Halcom Root CA
8B45DA1C06F791EB0CABF26BE588F5FB23165C2E614BF885562D0DCE50B29B02	C=CN, O=WoSign CA Limited, CN=CA WoSign ECC Root
8BA1BD9C88EFB3947E60EBE21137F81DF7F09994CEF27F097055018B8194C634	C=DE, O=DATEV eG, CN=CA DATEV INT 03
8C4EDFD04348F322969E7E29A4CD4DCA004655061C16E1B076422EF342AD630E	C=ES, O=Generalitat Valenciana, OU=PKIGVA, CN=Root CA Generalitat Valenciana
8C7209279AC04E275E16D07FD3B775E80154B5968046E31F52DD25766324E9A7	C=SE, O=AddTrust AB, OU=AddTrust TTP Network, CN=AddTrust Class 1 CA Root
8D25CD97229DBF70356BDA4EB3CC734031E24CF00FAFCFD32DC76EB5841C7EA8	C=US, O=Google Trust Services LLC, CN=GTS Root R2
8D722F81A9C113C0791DF136A2966DB26C950A971DB46B4199F4EA54B78BFB9F	C=US, O=thawte, Inc., OU=Certification Services Division, OU=(c) 2006 thawte, Inc. - For authorized use only, CN=thawte Primary Root CA
8DA084FCF99CE07722F89B3205939806FA5CB811E1C813F6A108C7D336B3408E	C=DE, O=TC TrustCenter GmbH, OU=TC TrustCenter Class 3 CA, CN=TC TrustCenter Class 3 CA II
8DA75F1327217C88060FD2529EFF2816E50B0C74541EA4EA3DFCEE66A71EFE09	C=DE, O=D-Trust GmbH, CN=D-TRUST Root Class 2 CA 2007
8DD4B5373CB0DE36769C12339280D82746B3AA6CD426E797A31BABE4279CF00B	C=GR, O=Hellenic Academic and Research Institutions CA, CN=HARICA Client ECC Root CA 2021
8DE78655E1BE7F7847800B93F694D21D368CC06E033E7FAB04BB5EB99DA6B700	C=TR, L=Ankara, O=TÜRKTRUST Bilgi İletişim ve Bilişim Güvenliği Hizmetleri A.Ş., CN=TÜRKTRUST Elektronik Sertifika Hizmet Sağlayıcısı H6
8ECDE6884F3D87B1125BA31AC3FCB13D7016DE7F57CC904FE1CB97C6AE98196E	C=US, O=Amazon, CN=Amazon Root CA 1
8F1ECDAF29BCD56EDDD6B5D56A07FCAC2B74D4BCD179179144A0365C27DCF14B	CN=SG TRUST SERVICES RACINE, OU=0002 43525289500022, O=SG TRUST SERVICES, C=FR
8F62D7736F99DBD33EE00E10C7E329339C988A5B47EF25F408293CF2426B4D44	C=US, O=Digital Signature Trust Co., OU=DSTCA E2
8F6371D8CC5AA7CA149667A98B5496398951E4319F7AFBCC6A660D673E438D0B	C=GB, O=Sectigo Limited, CN=Sectigo Public Code Signing Root E46
8F9ADB6D895DAB5ADF5C3D3FAB83927BE0FB64EF82485C62280D584E8BD55D22	C=SE, O=Swedish Social Insurance Agency, CN=Swedish Government Root Authority v3
8FE4FB0AF93A4D0D67DB0BEBB23E37C71BF325DCBCDD240EA04DAF58B47E1840	C=BM, O=QuoVadis Limited, CN=QuoVadis Root CA 2 G3
90370D3EFA88BF58C30105BA25104A358460A7FA52DFC2011DF233A0F417912A	C=US, O=DigiCert, Inc., CN=DigiCert SMIME RSA4096 Root G5
9056C5596598DFD4F6EF2FBDBEDE5730ED3CD5901CE0A6A1F58D275A75AF88BD	C=GR, L=Athens, O=Hellenic Academic and Research Institutions Cert. Authority, CN=Hellenic Academic and Research Institutions ECC RootCA 2015 - Test
90F3E05396995FF20922C44592DB62D7845E1BF64AEF512CCA75BC669CAA2479	C=DE, O=D-Trust GmbH, CN=D-TRUST Root Class 3 CA 2007
9111240747E1F652F66D1F712A11F698963B491702E312F7513DA3D0FC1E5A28	C=PA, ST=Panama, L=Panama City, O=TrustCor Systems S. de R.L., OU=TrustCor Certificate Authority, CN=TrustCor RootCert CA-2
91E2F5788D5810EBA7BA58737DE1548A8ECACD014598BC0B143E041B17052552	C=DE, O=T-Systems Enterprise Services GmbH, OU=T-Systems Trust Center, CN=T-TeleSec GlobalRoot Class 2
91F77F56AEE3D240329AE2FD09B18971919ED7D9D448A4026C463ECB1A72073D	C=US, O=IdenTrust, CN=SysTest IdenTrust Commercial Root CA 1
922615F383D74EA75C1325C07D0E971EF1E6D51BBF0BC38126761FBB2F81DA26	C=US, O=CommScope, CN=Test CommScope Public Trust ECC Root-02
92966E8344D2FB3A280EB8604D8140774CE1A057C582BEBC834D0302E859BC43	C=US, ST=UT, L=Salt Lake City, O=The USERTRUST Network, CN=USERTrust Legacy Secure Server CA
92A9D9833FE1944DB366E8BFAE7A95B6480C2D6C6C2A1BE65D4236B608FCA1BB	C=US, O=VeriSign, Inc., OU=VeriSign Trust Network, OU=(c) 1999 VeriSign, Inc. - For authorized use only, CN=VeriSign Class 2 Public Primary Certification Authority - G3
92BF5119ABECCAD0B1332DC4E1D05FBA75B5679044EE0CA26E931F744F2F33CF	C=SK, L=Bratislava, O=Disig a.s., CN=CA Disig
92C4DB06C42A130D663574D7741B7F93C806FD6714DCE890E84B568FAE86E64C	C=ZA, ST=Gauteng, L=Johannesburg, O=TrustFactory(Pty)Ltd, OU=TrustFactory PKI Operations, CN=TrustFactory Client Root Certificate Authority
92D8092EE77BC9208F0897DC05271894E63EF27933AE537FB983EEF0EAE3EEC8	C=DK, O=TRUST2408, CN=TRUST2408 OCES Primary CA
93E65EC762F055DC718A332582C41A04430D72E3CB87E8B897B67516F0D1AA39	C=CN, O=UniTrust, CN=UCA Root
944E66AA967BD390952D22426BF1DFCD379A2C87A21B942FBCA79F41F0354AAC	C=US, O=Adobe Systems Incorporated, OU=Adobe Trust Services, CN=Adobe Root CA
945BBC825EA554F489D1FD51A73DDF2EA624AC7019A05205225C22A78CCFA8B4	C=US, ST=Illinois, L=Chicago, O=Trustwave Holdings, Inc., CN=Trustwave Global ECC P256 Certification Authority
948C85052709AC0627D9B7FE5B22D844F927953F3DDA3274DFCBE3F53150203E	C=AE, ST=Dubai, L=Dubai, O=Dubai Government, OU=DESC, CN=Dubai Root CA TEST
95672AC7D4768487C4699ECC311196D142893DFBE43C40F5F5C3C9DE099F4A57	C=US, O=CommScope, CN=Test CommScope Public Trust RSA Root-02
958ABBAEFF760F4FBF66FF0F2C2708F4739B2C686127239A2C4EC87A68A984C8	C=CH, O=Swiss Government PKI, OU=www.pki.admin.ch, CN=Swiss Government Root CA III
960ADF0063E96356750C2965DD0A0867DA0B9CBD6E77714AEAFB2349AB393DA3	O=Cybertrust, Inc, CN=Cybertrust Global Root
96B5C0E3DB26C6D87372703C34093A86E6F0A5922157C08087658B809D92DC44	C=GB, O=Example Limited, CN=Example B Vetted Assured Root CA
96BCEC06264976F37460779ACF28C5A7CFE8A3C0AAE11A8FFCEE05C0BDDF08C6	C=US, O=Internet Security Research Group, CN=ISRG Root X1
97552015F5DDFC3C8788C006944555408894450084F100867086BC1A2BB58DC8	C=US, ST=Illinois, L=Chicago, O=Trustwave Holdings, Inc., CN=Trustwave Global Certification Authority
978CD966F2FAA07BA7AA9500D9C02E9D77F2CDADA6AD6BA74AF4B91C66593C50	CN=TÜRKTRUST Elektronik Sertifika Hizmet Sağlayıcısı, C=TR, L=Ankara, O=TÜRKTRUST Bilgi İletişim ve Bilişim Güvenliği Hizmetleri A.Ş. (c) Aralık 2007
97DEE8339708B8A340208EE9830110BF41A27905B996BC75FC0B746B9EE08BDA	C=BD, O=Office of the CCA, OU=Root CA, CN=Root CA Bangladesh 2020
97F654859CBDE586FD90311E82EC7902C238CBA0D6E529564C9C88F44895EC50	C=ES, serialNumber=Q2863006I, O=CONSEJO GENERAL DE LA ABOGACIA, CN=ACA ROOT
997E15C5A4481A8598499753971EE2601D1047C3635AFF21AF4221A817FD2D96	C=DE, O=DATEV eG, CN=CA DATEV INT 02
9A114025197C5BB95D94E63D55CD43790847B646B23CDF11ADA4A00EFF15FB48	C=NO, O=Buypass AS-983163327, CN=Buypass Class 2 Root CA
9A296A5182D1D451A2E37F439B74DAAFA267523329F90F9A0D2007C334E23C9A	C=AT, O=e-commerce monitoring GmbH, CN=GLOBALTRUST 2020
9A6EC012E1A7DA9DBE34194D478AD7C0DB1822FB071DF12981496ED104384113	CN=ACCVRAIZ1, OU=PKIACCV, O=ACCV, C=ES
9ACFAB7E43C8D880D06B262A94DEEEE4B4659989C3D0CAF19BAF6405E41AB7DF	C=US, O=VeriSign, Inc., OU=VeriSign Trust Network, OU=(c) 2006 VeriSign, Inc. - For authorized use only, CN=VeriSign Class 3 Public Primary Certification Authority - G5
9B14E8F5F6EA167666E76DCD6BECC190861D5E8970B99A9470F0231236049704	C=ZA, O=LAWtrust, OU=LAW Trusted Third Party Services PTY Ltd., CN=LAWtrust Root Certification Authority 2048
9B3D0F84F9E2BF5386CD193C827E98008D2DCEF2FA2C55977428D0473A685387	CN=Sudan National Root CA1, OU=Root CA, O=National Authority for Digital Certification, C=SD
9BEA11C976FE014764C1BE56A6F914B5A560317ABD9988393382E5161AA0493C	C=CN, O=UniTrust, CN=UCA Global G2 Root
9CEFB0CB7B74E642932532831E0DC8F4D68AD414261FC3F474B795E72A164E57	C=SE, O=Swedish Social Insurance Agency, CN=Swedish Government Root Authority v2
9D190B2E314566685BE8A889E27AA8C7D7AE1D8AADDBA3C1ECF9D24863CD34B9	C=US, O=Symantec Corporation, OU=Symantec Trust Network, CN=Symantec Class 1 Public Primary Certification Authority - G6
9D1E2FD34F91EC6F24FB3516FA854BCE5AFB2A6BB41FD151D362F10124CC171F	C=ES, O=StartCom CA, CN=StartCom Certification Authority G3
9F9744463BE13714754E1A3BECF98C08CC205E4AB32028F4E2830C4A1B2775B8	C=BE, CN=Belgium Root CA2
A002FF556C601863B08B9AA33A8E6666E97E72BBE552F66EB9F2395C68C7BC98	C=KR, O=KISA, OU=Korea Certification Authority Central, CN=KISA RootCA 4
A0234F3BC8527CA5628EEC81AD5D69895DA5680DC91D1CB8477F33F878B95B0B	C=US, O=GeoTrust Inc., CN=GeoTrust Universal CA 2
A040929A02CE53B4ACF4F2FFC6981CE4496F755E6D45FE0B2A692BCD52523F36	C=GR, L=Athens, O=Hellenic Academic and Research Institutions Cert. Authority, CN=Hellenic Academic and Research Institutions RootCA 2015
A0459B9F63B22559F5FA5D4C6DB3F9F72FF19342033578F073BF1D1B46CBB912	C=US, O=GeoTrust Inc., CN=GeoTrust Universal CA
A1339D33281A0B56E557D3D32B1CE7F9367EB094BD5FA72A7E5004C8DED7CAFE	C=PL, O=Krajowa Izba Rozliczeniowa S.A., CN=SZAFIR ROOT CA2
A1A86D04121EB87F027C66F53303C28E5739F943FC84B38AD6AF009035DD9457	C=DE, O=D-Trust GmbH, CN=D-TRUST Root CA 3 2013
A1B2DBEB64E706C6169E3C4118B23BAA09018A8427666D8BF0E28891EC051950	C=LU, O=LuxTrust s.a., CN=LuxTrust Global Root
A1F05CCB80C2D710EC7D479ABDCBB879E58D7EDB7149FE78A87884E3D0BAD0F9	C=CN, O=UniTrust, CN=UCA Global Root
A22DBA681E97376E2D397D728AAE3A9B6296B9FDBA60BC2E11F647F2C675FB37	C=JP, O=SECOM Trust Systems CO.,LTD., OU=Security Communication EV RootCA1
A2C201205FB3115AFAEBB9B59A0F448B2F6B57F3EEDA46E6D7727C718EAF3C29	C=GR, O=Hellenic Academic and Research Institutions Cert. Authority, CN=Hellenic Academic and Research Institutions RootCA 2011 - Test
A31F093053BD12C1F5C3C6EFD498023FD2914D7758D05D698CE084B50626E0E5	C=ch, O=admin, OU=Services, OU=Certification Authorities, CN=Admin-Root-CA
A3CC68595DFE7E86D8AD1772A8B5284ADD54ACE3B8A798DF47BCCAFB1FDB84DF	C=US, O=WFA Hotspot 2.0, CN=Hotspot 2.0 Trust Root CA - 03
A3D7435A18C46B23B6A4F8929CD59050C9168B03A7FAD532626F297CAC5356E4	C=CH, O=The Federal Authorities of the Swiss Confederation, OU=Services, OU=Certification Authorities, CN=Swiss Government Root CA II
A4310D50AF18A6447190372A86AFAF8B951FFB431D837F1E5688B45971ED1557	C=US, O=thawte, Inc., OU=(c) 2007 thawte, Inc. - For authorized use only, CN=thawte Primary Root CA - G2
A45EDE3BBBF09C8AE15C72EFC07268D693A21C996FD51E67CA079460FD6D8873	C=BM, O=QuoVadis Limited, OU=Root Certification Authority, CN=QuoVadis Root Certification Authority
A4B6B3996FC2F306B3FD8681BD63413D8C5009CC4FA329C2CCF0E2FA1B140305	C=US, O=VeriSign, Inc., OU=Class 3 Public Primary Certification Authority
A4D61D2BED02EEDB738FF507D95B331FD31FC5CB387D5DCAC5F4998D20A39EF1	C=CN, ST=河南省, L=南阳市, O=河南承裕商贸有限公司, OU=信息技术部, CN=承裕商贸—G1 (DEV)
A53125188D2110AA964B02C7B7C6DA3203170894E5FB71FFFB6667D5E6810A36	C=US, O=GTE Corporation, OU=GTE CyberTrust Solutions, Inc., CN=GTE CyberTrust Global Root
A6C51E0DA5CA0A9309D2E4C0E40C2AF9107AAE8203857FE198E3E769E343085C	C=CO, O=Sociedad Cameral de Certificación Digital - Certicámara S.A., CN=AC Raíz Certicámara S.A.
A71272AEAAA3CFE8727F7FB39F0FB3D1E5426E9060B06EE6F13E9A3C5833CD43	C=US, O=Wells Fargo WellsSecure, OU=Wells Fargo Bank NA, CN=WellsSecure Public Root Certificate Authority
A71272AEAAA3CFE8727F7FB39F0FB3D1E5426E9060B06EE6F13E9A3C5833CD43	C=US, O=Wells Fargo WellsSecure, OU=Wells Fargo Bank NA, CN=WellsSecure Public Root Certificate Authority
A73563E859CBCFA173CF3285DEBF2578EDE15D47A3BEE385861AB7A4FB6D7B6E	C=GR, O=Athens Exchange S.A., CN=ATHEX Root CA
A91545DBD2E19C4CCDF909AA71900D18C7351C89B315F0F13D05C13A8FFB4687	C=IE, O=Baltimore, OU=CyberTrust, CN=Baltimore CyberTrust Code Signing Root
A9BAEB322F56009676A5595DE77BFCD0B4A683ABA1CB72CA58F72F3DE7C112B4	C=US, ST=Texas, L=Houston, O=SSL Corporation, CN=SSL.com EV Root Certification Authority ECC - Test
A9C77AF1BCDFAA3739442B0B2734C68EAF2E9833F0D766FBCAA6F2AEB42DEC02	C=my, O=TM, OU=TM Applied Business Certification Authority, CN=TM Applied Business Root Certificate
AAD9CEED5AA6B1CEA28596A8E4E1ABED9386D6EBC9D4AAD9ACDE0FA36BA069D0	C=LV, O=VAS Latvijas Pasts - Vien.reg.Nr.40003052790, OU=Sertifikacijas pakalpojumi, CN=VAS Latvijas Pasts SSI(RCA)
AB7036365C7154AA29C2C29F5D4191163B162A2225011357D56D07FFA7BC1F72	C=ZA, ST=Western Cape, L=Cape Town, O=Thawte Consulting cc, OU=Certification Services Division, CN=Thawte Premium Server CA, emailAddress=premium-server@thawte.com
AC1FAE74B4E97106092131F2E7F746B6734386742BDFD8423731AED14A4CE446	L=Internet, O=VeriSign, Inc., OU=VeriSign Commercial Software Publishers CA
AC7F7862E685C7A7D9826A58EA32D183D4893FCC8F8FD6D900C9769A987E77F0	C=CZ, organizationIdentifier=NTRCZ-47114983, O=Česká pošta, s.p., CN=PostSignum Root QCA 4
ACF5C1B04A4BDAEF3B48287D982750D0328BC03F490B99ECFF53C31D7DE971C8	C=JP, O=JIPDEC, OU=JCAN Root CA1, CN=JCAN Root CA1
AD016F958050E0E7E46FAE7DCC50197ED8E3FF0A4B262E5DDCDB3EDDDC7D6578	C=CZ, O=Česká pošta, s.p. [IČ 47114983], CN=PostSignum Root QCA 2
AD7539E5CDC985FA95244055A9202D63460EC921467D034CFDBE87EC6D00FEDC	C=US, O=Wells Fargo WellsSecure, OU=Wells Fargo Bank NA, CN=WellsSecure Public Root Certification Authority 01 G2
AE160F7E3D48DF3BA7E50036279581AB2E7FAD6EAEEDECF2C48E1EFAB755CBD2	C=US, ST=Texas, L=Houston, O=SSL Corporation, CN=SSL.com Root Certification Authority ECC - Test
AE4457B40D9EDA96677B0D3C92D57B5177ABD7AC1037958356D1E094518BE5F2	CN=ComSign CA, O=ComSign, C=IL
AE92E90000541A9EBC101B70B6C33A62F5A53A55BA815E81D31ABDDF03507F5D	C=JP, O=Japan Certification Services, Inc., CN=SecureSign RootCA3
AF6D08EEF3CAC4E1584ABC63C8A9472AC529AF99F3F791319A43776063F58DCA	C=JP, O=Japan Certification Services, Inc., CN=SecureSign RootCA2
AF8B6762A1E528228161A95D5C559EE266278F75D79E830189A503506ABD6B4C	O=RSA Security Inc, OU=RSA Security 2048 V3
AFE80A97EA11159190E927E08EC2E60C59A40559483A3FEE838A85321B3AEAAD	C=IT, L=Milano, O=Actalis S.p.A./03358520967, CN=Actalis Authentication CA G1
B0428B08C228C43F6F9AA0FC29E9D602ED1098FF6F153C6733383FEA17216528	C=LT, O=Skaitmeninio sertifikavimo centras, OU=CA ROOT Services, CN=SSC GDL CA Root A
B085D70B964F191A73E4AF0D54AE7A0E07AAFDAF9B71DD0862138AB7325A24A2	OU=GlobalSign ECC Root CA - R4, O=GlobalSign, CN=GlobalSign
B0877AEE2D39274DF831F66FDEEB7717557C258FC9EB55231A9F8A647A75433F	C=ES, O=IZENPE S.A. - CIF A-01337260-RMerc.Vitoria-Gasteiz T1055 F62 S8, L=Avda del Mediterraneo Etorbidea 3 - 01010 Vitoria-Gasteiz, CN=Izenpe.com, emailAddress=Info@izenpe.com
B0B1730ECBC7FF4505142C49F1295E6EDA6BCAED7E2C68C5BE91B5A11001F024	C=US, O=Apple Inc., OU=Apple Certification Authority, CN=Apple Root CA
B0BFD52BB0D7D9BD92BF5D4DC13DA255C02C542F378365EA893911F55E55F23C	C=TR, L=Ankara, O=E-Tuğra EBG Bilişim Teknolojileri ve Hizmetleri A.Ş., OU=E-Tugra Sertifikasyon Merkezi, CN=E-Tugra Certification Authority
B2F3C4216AF7AFF72462466DC13CD2810DB8EED853EABB9A063A608EFC18FBE8	C=SE, O=Carelink, CN=SITHS CA v3
B32396746453442F353E616292BB20BBAA5D23B546450FDB9C54B8386167D529	C=US, O=Symantec Corporation, OU=Symantec Trust Network, CN=Symantec Class 3 Public Primary Certification Authority - G6
B41D516A5351D42DEEA191FA6EDF2A67DEE2F36DC969012C76669E616B900DDF	x500UniqueIdentifier=SEC-830101-9V9, L=Alvaro Obregon, ST=Distrito Federal, C=MX, postalCode=01030, street=Insurgentes Sur 1940, CN=Autoridad Certificadora Raiz de la Secretaria de Economia, OU=Direccion General de Normatividad Mercantil, O=Secretaria de Economia, emailAddress=acrse@economia.gob.mx
B4410B73E2E6EACA47FBC42F8FA4018AF4381DC54CFAA84450461EED09454DE9	C=ZA, ST=Western Cape, L=Cape Town, O=Thawte Consulting cc, OU=Certification Services Division, CN=Thawte Server CA, emailAddress=server-certs@thawte.com
B4585F22E4AC756A4E8612A1361C5D9D031A93FD84FEBB778FA3068B0FC42DC2	C=US, O=Certainly, CN=Certainly Root E1
B478B812250DF878635C2AA7EC7D155EAA625EE82916E2CD294361886CD1FBD4	C=US, O=GeoTrust Inc., OU=(c) 2008 GeoTrust Inc. - For authorized use only, CN=GeoTrust Primary Certification Authority - G3
B49CF652B72E586498DB42CD007500912FD1672AFC3DFF0B11B927EA97D41A2D	C=BG, organizationIdentifier=NTRBG-203397356, O=Evrotrust Technologies JSC, OU=Evrotrust Qualified Root Authority, CN=Evrotrust RSA Root CA
B5BD2CB79CBD1907298D6BDF4842E516D8C78FA6FC96D25F71AF814E16CC245E	C=US, ST=Arizona, L=Scottsdale, O=Starfield Technologies, Inc., OU=http://certificates.starfieldtech.com/repository/, CN=Starfield Services Root Certificate Authority
B6191A50D0C3977F7DA99BCDAAC86A227DAEB9679EC70BA3B0C9D92271C170D3	C=DE, O=Deutsche Telekom AG, OU=T-TeleSec Trust Center, CN=Deutsche Telekom Root CA 2
B644D955FFF29B74E3B5687E908EE7C3C9197BA3336CC6328531F6C057D677FD	C=ES, ST=Barcelona, L=Barcelona (see current address at https://www.anf.es/address/), O=ANF Autoridad de Certificación, OU=ANF Clase 1 CA, serialNumber=G63287510, CN=ANF Server CA
B676F2EDDAE8775CD36CB0F63CD1D4603961F49E6265BA013A2F0307B6D0B804	C=PL, O=Unizeto Technologies S.A., OU=Certum Certification Authority, CN=Certum Trusted Network CA 2
B7B12B171F821DAA990CD0FE5087B128448BA8E5184F84C51E02B5C8FB962B24	C=NO, O=Buypass AS-983163327, CN=Buypass Class 3 CA 1
B7C36231706E81078C367CB896198F1E3208DD926949DD8F5709A410F75B6292	C=FR, O=OpenTrust, CN=OpenTrust Root CA G3
B8692148FF49C3799FA2347AE28BCC5289623512B67DC19170452ADE24BA51D5	C=CZ, O=První certifikační autorita, a.s., organizationIdentifier=NTRCZ-26439395, CN=I.CA Root CA/ECC 12/2016
B8B74FD3E457847B845DAA262245C04FEF4B9DBE84B65D4EA464B9F8D3E2732E	C=US, O=U.S. Government, CN=Test US Federal TLS Root CA
B9BEA7860A962EA3611DAB97AB6DA3E21C1068B97D55575ED0E11279C11C8932	C=FR, ST=France, L=Paris, O=PM/SGDN, OU=DCSSI, CN=IGC/A, emailAddress=igca@sgdn.pm.gouv.fr
BC104F15A48BE709DCA542A7E1D4B9DF6F054527E802EAA92D595444258AFE71	C=GR, O=Hellenic Academic and Research Institutions Cert. Authority, CN=Hellenic Academic and Research Institutions RootCA 2011
BC1B7EECFACFABDB04376FE2BB421F7407EA2144B006D38196B76BB56F013A18	C=CV, O=ICP-CV, OU=SISP-Sociedade Interbancaria e Sistemas de Pagamentos, CN=Entidade de Certificacao Raiz da SISP 01
BC23F98A313CB92DE3BBFC3A5A9F4461AC39494C4AE15A9E9DF131E99B73019A	L=ValiCert Validation Network, O=ValiCert, Inc., OU=ValiCert Class 3 Policy Validation Authority, CN=http://www.valicert.com/, emailAddress=info@valicert.com
BC2ABBC49A6814370D17E471141C22794311C4DDDF2567BE37283A894392E5D3	C=LT, O=Skaitmeninio sertifikavimo centras, OU=VS ROOT Services, CN=SSC GDL CA VS Root
BC4D809B15189D78DB3E1D8CF4F9726A795DA1643CA5F1358E1DDB0EDC0D7EB3	C=US, OU=emSign PKI, O=eMudhra Inc, CN=emSign ECC Root CA - C3
BD71FDF6DA97E4CF62D1647ADD2581B07D79ADF8397EB4ECBA9C5E8488821423	C=US, O=AffirmTrust, CN=AffirmTrust Premium ECC
BD81CE3B4F6591D11A67B5FC7A47FDEF25521BF9AA4E18B9E3DF2E34A7803BE8	C=GB, ST=Greater Manchester, L=Salford, O=Comodo CA Limited, CN=Secure Certificate Services
BE6C4DA2BBB9BA59B6F3939768374246C3C005993FA98F020D1DEDBED48A81D5	C=CH, O=SwissSign AG, CN=SwissSign Silver CA - G2
BEB00B30839B9BC32C32E4447905950641F26421B15ED089198B518AE2EA1B99	C=HU, L=Budapest, O=Microsec Ltd., organizationIdentifier=VATHU-23584497, CN=e-Szigno Root CA 2017
BEBCE57DCB85F60A93BFA5019EDB1A294BF6D81F82D9B4E71F502F0B15A1FC08	C=TW, O=Chunghwa Telecom Co., Ltd., CN=ePKI EV SSL Certification Authority - G1
BEC94911C2955676DB6C0A550986D76E3BA005667C442C9762B4FBB773DE228C	OU=GlobalSign ECC Root CA - R4, O=GlobalSign, CN=GlobalSign
BF08ED0447BDC26F9438A8079565C1E551559083938ACBEC98C20DDBCF63C155	C=ES, O=StartCom CA, CN=StartCom Certification Authority CS
BF0FEEFB9E3A581AD5F9E9DB7589985743D261085C4D314F6F5D7259AA421612	C=JP, O=Japan Certification Services, Inc., CN=SecureSign RootCA11
BFD88FE1101C41AE3E801BF8BE56350EE9BAD1A6B9BD515EDC5C6D5B8711AC44	C=TW, O=TAIWAN-CA, OU=Root CA, CN=TWCA Root Certification Authority
BFFF8FD04433487D6A8AA60C1A29767A9FC2BBB05E420F713A13B992891D3893	C=CN, O=GUANG DONG CERTIFICATE AUTHORITY CO.,LTD., CN=GDCA TrustAUTH R5 ROOT
C0A6F4DC63A24BFDCF54EF2A6A082A0A72DE35803E2FF5FF527AE5D87206DFD5	C=TW, O=Chunghwa Telecom Co., Ltd., OU=ePKI Root Certification Authority
C0C05A8D8DA55EAF27AA9B910B0A6EF0D8BBDED346928DB872E182C2073E9802	C=CZ, CN=I.CA - Qualified Certification Authority, 09/2009, O=První certifikační autorita, a.s., OU=I.CA - Accredited Provider of Certification Services
C1468CF2254E6004B24696ABA209D1A30BA6E2DFF68A9A4E32C6AB414F90C8D9	C=US, O=DigiCert, Inc., CN=DigiCert ECC P384 Root G5
C1727F3B673E6AE7F12F23D789A7BE38B918223EF6911C592DA1F583444A547E	C=GR, O=ATHENS STOCK EXCHANGE, CN=ATHEX Root CA G2
C1B12F480020336E5B04F520BC19C2E2E10AB42C9D9235F05CBEC33FFA4D4DEA	C=FR, O=Certplus, CN=Class 3 Primary CA
C1B48299ABA5208FE9630ACE55CA68A03EDA5A519C8802A0D3A673BE8F8E557D	C=GB, O=Trustis Limited, OU=Trustis FPS Root CA
C1D80CE474A51128B77E794A98AA2D62A0225DA3F419E5C7ED73DFBF660E7109	C=ES, ST=MADRID, L=MADRID, OU=see current address at www.camerfirma.com/address, OU=GLOBAL CHAMBERSIGN ROOT - 2016, serialNumber=A82743287, organizationIdentifier=VATES-A82743287, O=AC CAMERFIRMA S.A., CN=GLOBAL CHAMBERSIGN ROOT - 2016
C2157309D9AEE17BF34F4DF5E88DBAEBA57E0361EB814CBC239F4D54D329A38D	C=HU, L=Budapest, O=NISZ Nemzeti Infokommunikációs Szolgáltató Zrt., CN=Főtanúsítványkiadó - Kormányzati Hitelesítés Szolgáltató
C2B9B042DD57830E7D117DAC55AC8AE19407D38E41D88F3215BC3A890444A050	CN=Apple Root CA - G2, OU=Apple Certification Authority, O=Apple Inc., C=US
C31EEF5682ABB551EBC828DED84098518A6768526D152EE164CFB972A1425D53	C=LT, O=Skaitmeninio sertifikavimo centras, OU=CA ROOT Services, CN=SSC GDL CA Root B
C34A33850EF7B75CBC5922D841DC6B23357CDB421BB0556F01965410D48577F0	C=BE, CN=Government CA, serialNumber=201402
C34C5DF53080078FFE45B21A7F600469917204F4F0293F1D7209393E5265C04F	C=IN, O=India PKI, CN=CCA India 2015 SPL
C3846BF24B9E93CA64274C0EC67C1ECC5E024FFCACD2D74019350E81FE546AE4	C=US, O=The Go Daddy Group, Inc., OU=Go Daddy Class 2 Certification Authority
C38DCB38959393358691EA4D4F3CE495CE748996E64ED1891D897A0FC4DD55C6	C=US, ST=UT, L=Salt Lake City, O=The USERTRUST Network, OU=http://www.usertrust.com, CN=UTN-USERFirst-Network Applications
C3FBF37259AF0954EEEA4282DD1C7226A54E7150F7C29A2C495BA34DBFE09CA0	C=BE, CN=Belgium Root CA4
C40EBDCD75A90E4B7496ABB23E789A48E33C03284F75D95130575AE6860AE13C	C=GR, O=Hellenic Academic and Research Institutions CA, CN=HARICA Code Signing RSA Root CA 2021
C45D7BB08E6D67E62E4235110B564E5F78FD92EF058C840AEA4E6455D7585C60	C=US, O=Google Trust Services LLC, CN=GTS Root R2
C470CF547E2302B977FB29DD71A89A7B6C1F60777B0329F56017F328BF4F6BE6	CN=TÜRKTRUST Elektronik Sertifika Hizmet Sağlayıcısı, C=TR, L=Ankara, O=TÜRKTRUST Bilgi İletişim ve Bilişim Güvenliği Hizmetleri A.Ş. (c) Kasım 2005
C499F6CECC5DA4D61F14ED0405270C5249D0E79615B0DA42659ED2D7FFEF8A40	CN=TÜRKTRUST Elektronik İşlem Hizmetleri, C=TR, L=ANKARA, O=(c) 2005 TÜRKTRUST Bilgi İletişim ve Bilişim Güvenliği Hizmetleri A.Ş.
C4F4C812BC0B87C58854879538F1F5FC057DB82937590408D13ED58EBB4647B3	C=CN, ST=河南省, O=河南瑞趸商贸有限公司, CN=瑞趸⸺宛（Staging）
C57A3ACBE8C06BA1988A83485BF326F2448775379849DE01CA43571AF357E74B	C=US, O=VISA, OU=Visa International Service Association, CN=Visa Information Delivery Root CA
C665175BD60ED70A5EEA3344CBE5D1A6936F79BC27A8384E4C734200417C279F	CN=esignit.org
C741F70F4B2A8D88BF2E71C14122EF53EF10EBA0CFA5E64CFA20F418853073E0	C=US, O=Microsoft Corporation, CN=Microsoft RSA Root Certificate Authority 2017
C766A9BEF2D4071C863A31AA4920E813B2D198608CB7B7CFE21143B836DF09EA	C=IL, O=StartCom Ltd., OU=Secure Digital Certificate Signing, CN=StartCom Certification Authority
C795FF8FF20C966688F064A1E091421D3110A3456C17EC2404B998738741F622	C=TN, CN=Tunisian Root Certificate Authority - TunRootCA2, O=National Digital Certification Agency
C7B8948FECCAACE5B509A343F38D0301D07901885604B3F267270E1EBBEF0FE7	C=CA, O=Notarius Inc, CN=Notarius Root Certificate Authority
C7BA6567DE93A798AE1FAA791E712D378FAE1F93C4397FEA441BB7CBE6FD5995	C=IL, O=StartCom Ltd., CN=StartCom Certification Authority G2
C90F26F0FB1B4018B22227519B5CA2B53E2CA5B3BE5CF18EFE1BEF47380C5383	C=GB, O=Sectigo Limited, CN=Sectigo Public Server Authentication Root E46
CA2D82A08677072F8AB6764FF035676CFE3E5E325E012172DF3F92096DB79B85	C=US, O=GeoTrust Inc., CN=GeoTrust Global CA 2
CA42DD41745FD0B81EB902362CF9D8BF719DA1BD1B1EFC946F5B4C99F42C1B9E	OU=GlobalSign Root CA - R2, O=GlobalSign, CN=GlobalSign
CA7791D5C9A1580DCDCAD31D0549FEA2043E229AA4F4932CFA056CA23EB8A950	C=US, ST=Washington, L=Redmond, O=Microsoft Corporation, CN=Microsoft Code Verification Root
CA7A5E68C53D2C51F72F6B465D3ED753F5903EC7901C8D0F55D868337C81975A	CN=Autoridad de Certificacion Raiz del Estado Venezolano, C=VE, L=Caracas, ST=Distrito Capital, O=Sistema Nacional de Certificacion Electronica, OU=Superintendencia de Servicios de Certificacion Electronica, emailAddress=acraiz@suscerte.gob.ve
CAA53FC6091C6951887C976E378F6EF89AA6377C55D97B6475422B71ED7E9B17	C=BR, O=ICP-Brasil, OU=Instituto Nacional de Tecnologia da Informacao - ITI, CN=Autoridade Certificadora Raiz Brasileira v5
CACA93B9D23D2B6FA76E8B8471931E0DF3EC6F63AF3CDBB936C41954A1872326	C=US, ST=Washington, L=Redmond, O=Microsoft Corporation, CN=Microsoft ECC Product Root Certificate Authority 2018
CB3CCBB76031E5E0138F8DD39A23F9DE47FFC35E43C1144CEA27D46A5AB1CB5F	C=US, O=DigiCert Inc, OU=www.digicert.com, CN=DigiCert Global Root G2
CB627D18B58AD56DDE331A30456BC65C601A4E9B18DEDCEA08E7DAAA07815FF0	C=US, O=Symantec Corporation, OU=Symantec Trust Network, CN=Symantec Class 2 Public Primary Certification Authority - G6
CBB522D7B7F127AD6A0113865BDF1CD4102E7D0759AF635A7CF4720DC963C53B	OU=GlobalSign Root CA - R3, O=GlobalSign, CN=GlobalSign
CBB5AF185E942A2402F9EACBC0ED5BB876EEA3C1223623D00447E4F3BA554B65	C=US, O=VeriSign, Inc., OU=VeriSign Trust Network, OU=(c) 1999 VeriSign, Inc. - For authorized use only, CN=VeriSign Class 1 Public Primary Certification Authority - G3
CBB9C44D84B8043E1050EA31A69F514955D7BFD2E2C6B49301019AD61D9F5058	C=BE, O=GlobalSign nv-sa, CN=GlobalSign Root E46
CBD8ED38D4A2D677D453D70DD8890AF4F6374CBA6299943F1AB3A6936C6FD795	C=BR, O=ICP-Brasil, OU=Instituto Nacional de Tecnologia da Informacao - ITI, CN=Autoridade Certificadora Raiz Brasileira v1
CCC89489371BAD111C90619BEA240A2E6DADD99F9F6E1D4D41E58ED6DE3D0285	C=FR, O=Certplus, CN=Class 3P Primary CA
CD0B3B2AA174B55F18C7502F3C3A76F2198175CE45637370CF4F48B9C2CE4FBF	C=LV, OU=Sertifikacijas pakalpojumu dala, CN=E-ME SSI (RCA)
CD201256FE5CED0BFFF8DF595FFF36B1416D5313A999F532EF4A9915DF96DEE0	DC=rs, DC=posta, DC=ca, CN=Configuration, CN=Services, CN=Public Key Services, CN=AIA, CN=Posta CA Root
CD375EAFFCCD17DC202AB5FD24B3D23AD023E501E5F3C6E8A8715F8D6F50BEED	C=IL, O=SSLCom Group ltd., OU=Certificate Services, CN=SSLCom Root G1
CD808284CF746FF2FD6EB58AA1D59C4AD4B3CA56FDC6274A8926A7835F32313D	C=FI, O=Sonera, CN=Sonera Class1 CA
CD851C5C25467C0095A43927D0B2292D932975E84DCE4C5E794542C6574C3AA4	C=US, O=DigiCert, Inc., CN=DigiCert Client ECC P384 Root G5
CDB3D4CA4FAAA6272ABF1B1A4E55925544490FEDC6713951D5C6C6E4FAA91BD5	C=GB, O=Example, CN=Example C Vetted Assured Root CA
CE7DD096C8FDE2BF5C438EDB574BD6454385334EE8FF106C0F93D5051BE6BAC3	C=FR, O=Certplus, CN=Class 3TS Primary CA
CECDDC905099D8DADFC5B1D209B737CBE2C18CFB2C10C0FF0BCF0D3286FC1AA2	C=US, OU=www.xrampsecurity.com, O=XRamp Security Services Inc, CN=XRamp Global Certification Authority
CF56FF46A4A186109DD96584B5EEB58A510C4275B0E5F94F40BBAE865E19F673	C=US, O=Equifax Secure Inc., CN=Equifax Secure eBusiness CA-1
CF6A0DD4517D0E7E07E9192C7132B13EA0327694B1158DBF946121E595818D3D	C=ES, O=StartCom CA, CN=StartCom Certification Authority ECC
CFAAD6151A464E1232C6C39D3CBF0063036119291339EE752EBA21AE52FA7A4B	C=PA, ST=Panama, L=Panama City, O=TrustCor Systems S. de R.L., OU=TrustCor Certificate Authority, CN=TrustCor RootCert CA-2
D19A2D325933CB1E3A853D8F4A6D2450E060473EBDAB02D74E22E9A1B7F32A87	C=IL, O=SSLCom Group ltd., OU=Certificate Services, CN=Almost Free SSL RootCA G1
D1A0319098034E3AEC729A0B5C3111229D9D26E3E623E8C5E6843FA06EE8E2E4	C=JP, O=LGPKI, CN=Application CA G4 Root
D2A90E5D35CAC4D41F7D44CE66AFF885E1815FB339185853A87E66C05C9BEF1E	C=CO, O=Sociedad Cameral de Certificación Digital - Certicámara S.A., CN=AC Raíz Certicámara S.A.
D2DBB1E65DE7FA8E13EF96B954C1E1FEE4349626A822DE814F11A17C133D808B	C=AE, O=UAE Government, CN=UAE Global Root CA G3
D3D607A9FF24A19523B6DA9D2C649446F8788CB96D9FD130972E120C13677730	C=CZ, O=První certifikační autorita, a.s., CN=I.CA Root CA/RSA, serialNumber=NTRCZ-26439395
D3ED3FC40AD26B52E001E1E18F4B9449529DEB75A81D5EB680D7B62DB23BA96D	C=FI, O=Digi- ja vaestotietovirasto CA, OU=Certification Authority Services, OU=Varmennepalvelut, CN=DVV Gov. Root CA - G3 RSA
D40E9C86CD8FE468C1776959F49EA774FA548684B6C406F3909261F4DCE2575C	C=PA, ST=Panama, L=Panama City, O=TrustCor Systems S. de R.L., OU=TrustCor Certificate Authority, CN=TrustCor RootCert CA-1
D41D829E8C1659822AF93FCE62BFFCDE264FC84E8B950C5FF275D052354695A3	C=NL, O=Staat der Nederlanden, CN=Staat der Nederlanden Root CA
D43AF9B35473755C9684FC06D7D8CB70EE5C28E773FB294EB41EE71722924D24	C=CN, O=UniTrust, CN=UCA Extended Validation Root
D487A56F83B07482E85E963394C1ECC2C9E51D0903EE946B02C301581ED99E16	C=CN, O=WoSign CA Limited, CN=Certification Authority of WoSign G2
D48D3D23EEDB50A459E55197601C27774B9D7B18C94D5A059511A10250B93168	C=FR, O=Dhimyotis, OU=0002 48146308100036, CN=Certigna Root CA
D5917A7791EB7CF20A2E57EB98284A67B28A57E89182DA53D546678C9FDE2B4F	C=GB, O=Sectigo Limited, CN=Sectigo Public Email Protection Root R46
D6F034BD94AA233F0297ECA4245B283973E447AA590F310C77F48FDF83112254	C=CN, O=WoSign CA Limited, CN=CA 沃通根证书
D7A7A0FB5D7E2731D771E9484EBCDEF71D5F0C3E0A2948782BC83EE0EA699EF4	C=GB, ST=Greater Manchester, L=Salford, O=Comodo CA Limited, CN=AAA Certificate Services
D7BA3F4FF8AD05633451470DDA3378A3491B90005E5C687D2B68D53647CFDD66	C=SI, O=Halcom d.d., organizationIdentifier=VATSI-43353126, CN=Halcom Root Certificate Authority
D80FEF910AE3F104723B045CEC2D019F441CE6213ADF156791E70C1790110A31	C=DE, O=Deutscher Sparkassen Verlag GmbH, OU=S-TRUST Certification Services, CN=S-TRUST Universal Root CA
D82E9A882DA9CEFE96CC5AB4398CF7BEFED3A12B9AAAD30DAB3962818E93AADE	C=US, O=IdenTrust, CN=pte IdenTrust Commercial Root CA 1
D8E0FEBC1DB2E38D00940F37D27D41344D993E734B99D5656D9778D4D8143624	C=PL, O=Unizeto Sp. z o.o., CN=Certum CA
D947432ABDE7B7FA90FC2E6B59101B1280E0E1C7E4E40FA3C6887FFF57A7F4CF	C=US, O=Google Trust Services LLC, CN=GTS Root R1
D95D0E8EDA79525BF9BEB11B14D2100D3294985F0C62D9FABD9CD999ECCB7B1D	C=GR, O=Hellenic Academic and Research Institutions CA, CN=HARICA TLS RSA Root CA 2021
D95FEA3CA4EEDCE74CD76E75FC6D1FF62C441F0FA8BC77F034B19E5DB258015D	C=ch, O=Swisscom, OU=Digital Certificate Services, CN=Swisscom Root EV CA 2
DB3517D1F6732A2D5AB97C533EC70779EE3270A62FB4AC4238372460E6F01E88	C=US, O=Entrust, Inc., OU=See www.entrust.net/legal-terms, OU=(c) 2015 Entrust, Inc. - for authorized use only, CN=Entrust Root Certification Authority - G4
DD6936FE21F8F077C123A1A521C12224F72255B73E03A7260693E8A24B0FA389	O=TeliaSonera, CN=TeliaSonera Root CA v1
DDBF149733BC2BF8A09D7F012B01A6DEA11D7BAE26713783EF6407A2495BF189	C=US, ST=FL, L=Jacksonville, O=Network Solutions L.L.C., CN=Network Solutions RSA Certificate Authority
DDD7014F665244D66AE2D114949F859E7C7F9DFB56E2D53EB6A03805BB766F9E	C=NL, O=STMicroelectronics nv, CN=STM STSAFE-A PROD CA 01
DDFF53ECD7743B60BB7B2795FF5732FA785F9A14DF1120FB40A38CF84CA2A566	C=BE, O=Certipost s.a./n.v., CN=Certipost E-Trust TOP Root CA
DE1AF143FFA160CF5FA86ABFE577291633DC264DA12C863C5738BEA4AFBB2CDB	C=US, O=Microsoft Corporation, CN=Microsoft EV ECC Root Certificate Authority 2017
DF545BF919A2439C36983B54CDFC903DFA4F37D3996D8D84B4C31EEC6F3C163E	C=US, ST=Washington, L=Redmond, O=Microsoft Corporation, CN=Microsoft Root Certificate Authority 2010
DFB3C314740596AD5FB97960EF62AD7C1FCCEEAD16E74054652D1032E6F140EF	C=US, ST=Washington, L=Redmond, O=Microsoft Corporation, CN=Microsoft EV RSA Root Certificate Authority 2017
DFB3C314740596AD5FB97960EF62AD7C1FCCEEAD16E74054652D1032E6F140EF	C=US, ST=Washington, L=Redmond, O=Microsoft Corporation, CN=Microsoft EV RSA Root Certificate Authority 2017
E0AFBD2C0EE95A68CD9A3C590B2D3FE07C0A6D0BE796AE5291E424D47792178E	serialNumber=G63287510, CN=ANF Global Root CA, C=ES, OU=ANF Clase 1 CA, O=ANF Autoridad de Certificacion
E0E17AEA06CF9CE12AAE8190345A2C59720130A7D8FF72F3745AD75DBAA365B6	C=ES, ST=Barcelona, L=Barcelona (see current address at http://www.anf.es/es/address-direccion.html ), O=ANF Autoridad de Certificacion, OU=ANF Clase 1 CA, emailAddress=info@anf.es, serialNumber=G63287510, CN=ANF Global Root CA
E101E956077165D11C92AB0F38ABDFF2E9190A38E2D8D9B6F2B9F444043C5B01	C=PA, ST=Panama, L=Panama City, O=TrustCor Systems S. de R.L., OU=TrustCor Certificate Authority, CN=TrustCor RootCert CA-1
E17890EE09A3FBF4F48B9C414A17D637B7A50647E9BC752322727FCC1742A911	C=IL, O=StartCom Ltd., OU=Secure Digital Certificate Signing, CN=StartCom Certification Authority
E23D4A036D7B70E9F595B1422079D2B91EDFBB1FB651A0633EAA8A9DC5F80703	C=SK, L=Bratislava, O=Disig a.s., CN=CA Disig Root R2
E28097721A8CAB8880AF80FDEF8902B1F15BC7473AD68EC22991257A910D9EA2	CN=Digidentity Services Root CA, O=Digidentity B.V., C=NL
E28393773DA845A679F2080CC7FB44A3B7A1C3792CB7EB7729FDCB6A8D99AEA7	C=CN, O=CNNIC, CN=CNNIC ROOT
E3268F6106BA8B665A1A962DDEA1459D2A46972F1F2440329B390B895749AD45	C=ES, ST=Barcelona, L=Barcelona (see current address at http://www.anf.es/es/address-direccion.html ), O=ANF Autoridad de Certificacion, OU=ANF Clase 1 CA, emailAddress=info@anf.es, serialNumber=G63287510, CN=ANF Global Root CA
E35D28419ED02025CFA69038CD623962458DA5C695FBDEA3C22B0BFB25897092	C=US, O=Amazon, CN=Amazon Root CA 4
E389360D0FDBAEB3D250584B4730314E222F39C156A020144E8D960561791506	C=US, O=VeriSign, Inc., OU=VeriSign Trust Network, OU=(c) 1999 VeriSign, Inc. - For authorized use only, CN=VeriSign Class 4 Public Primary Certification Authority - G3
E3B08CB86E2D62C9DA72992069CB0AC4ECBB5BD895581C24CD301C5756F78BF4	C=GB, O=Sectigo Limited, CN=Sectigo Public Root R46
E3B6A2DB2ED7CE48842F7AC53241C7B71D54144BFB40C11F3F1D0B42F5EEA12D	C=FR, O=Dhimyotis, CN=Certigna
E44DDB7952261F15005CD60C1D0C38C18CBFD17C273A31F8ED4C8F53E2685F32	C=GB, O=Sectigo Limited, CN=Sectigo Public Time Stamping Root E46
E46A392204A8DCA342A71C1CA9A60C9185B9A930370120C3B9C7E3856F0D8F3B	C=US, O=DigiCert, Inc., CN=DigiCert RSA4096 Root G5
E4C73430D7A5B50925DF43370A0D216E9A79B9D6DB8373A0C69EB1CC31C7C52A	C=TR, L=Gebze - Kocaeli, O=Türkiye Bilimsel ve Teknolojik Araştırma Kurumu - TÜBİTAK, OU=Ulusal Elektronik ve Kriptoloji Araştırma Enstitüsü - UEKAE, OU=Kamu Sertifikasyon Merkezi, CN=TÜBİTAK UEKAE Kök Sertifika Hizmet Sağlayıcısı - Sürüm 3
E59AAA816009C22BFF5B25BAD37DF306F049797C1F81D85AB089E657BD8F0044	C=DE, O=D-Trust GmbH, CN=D-TRUST BR Root CA 1 2020
E606DDEEE2EE7F5CDEF5D9058FF8B7D0A9F042877F6A171ED8FF6960E4CC5EA5	C=HU, L=Budapest, O=NetLock Halozatbiztonsagi Kft., OU=Tanusitvanykiadok, CN=NetLock Minositett Kozjegyzoi (Class QA) Tanusitvanykiado, emailAddress=info@netlock.hu
E609078465A419780CB6AC4C1C0BFB4653D9D9CC6EB3946EB7F3D69997BAD598	C=TR, O=Elektronik Bilgi Guvenligi A.S., CN=e-Guven Kok Elektronik Sertifika Hizmet Saglayicisi
E65E4673E068C1D0A4CD69968BA700BAF43FB2D7B7F19A7A55B700DF8321856E	C=BD, O=Office of the CCA, OU=Root CA, CN=Root CA Bangladesh 2018
E68729013A50404DC1BAF7127B3D3C98A8FF392B735D0B1140858D5B91C3BE65	C=AE, O=DarkMatter LLC, CN=DarkMatter Root CA G3
E6B8F8766485F807AE7F8DAC1670461F07C0A13EEF3A1FF717538D7ABAD391B4	C=DE, O=TC TrustCenter GmbH, OU=TC TrustCenter Class 2 CA, CN=TC TrustCenter Class 2 CA II
E6BE68CE06FE0DA0C140F1AEB00B67B636C5EEA9422088929362375CE086DB39	C=US, O=VISA, OU=Visa International Service Association, CN=Visa Public ECC Root CA
E6E4A951ECBF7D8EDC01BC873F7B6FD35868BDB10ED786F3A1B1EE16D8CEC3E9	C=LT, O=Skaitmeninio sertifikavimo centras, OU=Certification Authority, CN=SSC Root CA C
E74FBDA55BD564C473A36B441AA799C8A68E077440E8288B9FA1E50E4BBACA11	C=JP, O=SECOM Trust Systems CO.,LTD., CN=Security Communication ECC RootCA1
E75E72ED9F560EEC6EB4800073A43FC3AD19195A392282017895974A99026B6C	C=JP, O=SECOM Trust.net, OU=Security Communication RootCA1
E7685634EFACF69ACE939A6B255B7B4FABEF42935B50A265ACB5CB6027E44E70	C=US, O=VeriSign, Inc., OU=Class 3 Public Primary Certification Authority
E778F0F095FE843729CD1A0082179E5314A9C291442805E1FB1D8FB6B8886C3A	C=JP, O=Cybertrust Japan Co., Ltd., CN=SecureSign Root CA15
E793C9B02FD8AA13E21C31228ACCB08119643B749C898964B1746D46C3D4CBD2	C=US, ST=New Jersey, L=Jersey City, O=The USERTRUST Network, CN=USERTrust RSA Certification Authority
E8E8176536A60CC2C4E10187C3BEFCA20EF263497018F566D5BEA0F94D0C111B	C=US, O=DigiCert, Inc., CN=DigiCert SMIME ECC P384 Root G5
EA152FD132DE4F4E71930A9760517A81DACBBB5F1014D8BD7782AC0CC37E9431	C=CN, O=Global Digital Cybersecurity Authority Co., Ltd., CN=GDCA TrustAUTH E5 ROOT
EAA962C4FA4A6BAFEBE415196D351CCD888D4F53F3FA8AE6D7C466A94E6042BB	C=RO, O=certSIGN, OU=certSIGN ROOT CA
EAC0220C5C9FECC5121D3720872D06707B5266BE25D4EBB56AB804BBBF85FE03	C=CH, O=admin, OU=Services, OU=Certification Authorities, CN=AdminCA-CD-T01
EB04CF5EB1F39AFA762F2BB120F296CBA520C1B97DB1589565B81CB9A17B7244	C=US, O=VeriSign, Inc., OU=VeriSign Trust Network, OU=(c) 1999 VeriSign, Inc. - For authorized use only, CN=VeriSign Class 3 Public Primary Certification Authority - G3
EB7E05AA58E7BD328A282BF8867033F3C035342B516EE85C01673DFFFFBBFE58	C=HU, L=Budapest, O=NetLock Kft., OU=Tanúsítványkiadók (Certification Services), CN=NetLock Platina (Class Platinum) Főtanúsítvány
EBC5570C29018C4D67B1AA127BAF12F703B4611EBC17B7DAB5573894179B93FA	C=ES, O=FNMT-RCM, OU=AC RAIZ FNMT-RCM
EBD41040E4BB3EC742C9E381D31EF2A41A48B6685C96E7CEF3C1DF6CD4331C99	C=BE, O=GlobalSign nv-sa, OU=Root CA, CN=GlobalSign Root CA
EBF3C02A8789B1FB7D511995D663B72906D913CE0D5E10568A8A77E2586167E7	C=DE, O=TC TrustCenter GmbH, OU=TC TrustCenter Universal CA, CN=TC TrustCenter Universal CA I
ECC3E9C3407503BEE091AA952F41348FF88BAA863B2264BEFAC807901574E939	emailAddress=pki@sk.ee, C=EE, O=AS Sertifitseerimiskeskus, CN=Juur-SK
ECDD47B5ACBFA328211E1BFF54ADEAC95E6991E3C1D50E27B527E903208040A1	C=US, ST=Washington, L=Redmond, O=Microsoft Corporation, CN=Microsoft RSA Root Certificate Authority 2017
ECDD47B5ACBFA328211E1BFF54ADEAC95E6991E3C1D50E27B527E903208040A1	C=US, ST=Washington, L=Redmond, O=Microsoft Corporation, CN=Microsoft RSA Root Certificate Authority 2017
EDF7EBBCA27A2A384D387B7D4010C666E2EDB4843E4C29B4AE1D5B9332E6B24D	C=NO, O=Buypass AS-983163327, CN=Buypass Class 3 Root CA
EE0EC4A0B5E6ECB865F49689B50E3DE38D4FD924A4041C0C2A62636DB0B6B31D	C=CA, O=Carillon Information Security Inc., OU=Certification Authorities, CN=Carillon PKI Services G2 Root CA 1
EEC5496B988CE98625B934092EEC2908BED0B0F316C2D4730C84EAF1F3D34881	C=DE, O=D-Trust GmbH, CN=D-TRUST Root Class 3 CA 2 EV 2009
EF3CB417FC8EBF6F97876C9E4ECE39DE1EA5FE649141D1028B7D11C0B2298CED	C=EU, O=AC Camerfirma SA CIF A82743287, OU=http://www.chambersign.org, CN=Global Chambersign Root
EF66B0B10A3CDB9F2E3648C76BD2AF18EAD2BFE6F117655E28C4060DA1A3F4C2	C=TR, L=Ankara, O=E-Tugra EBG A.S., OU=E-Tugra Trust Center, CN=E-Tugra Global Root CA RSA v3
EFB5157E9C66CAA1DCC63C9FAC0127CDE83B7A426C4579B7B43A41BA46A56DEB	C=DE, O=DATEV eG, CN=CA DATEV INT 01
EFBC467B26B26AF613FF4A5DC7BDBBD35D5EE826D1E8BDD69B5484AD903A12D2	C=BR, O=Certisign Certificadora Digital S.A., CN=CERTISIGN ROOT CERTIFICATION AUTHORITY
F00355EEF101C7DF4E46CCE6417DFFCE3DB82DBB1369C3B439C4E33BEE445C42	C=BE, O=Certipost s.a./n.v., CN=Certipost E-Trust Primary Normalised CA
F008733EC500DC498763CC9264C6FCEA40EC22000E927D053CE9C90BFA046CB2	C=FI, ST=Finland, O=Vaestorekisterikeskus CA, OU=Certification Authority Services, OU=Varmennepalvelut, CN=VRK Gov. Root CA
F015CE3CC239BFEF064BE9F1D2C417E1A0264A0A94BE1F0C8D121864EB6949CC	C=TW, O=Chunghwa Telecom Co., Ltd., CN=HiPKI Root CA - G1
F09B122C7114F4A09BD4EA4F4A99D558B46E4C25CD81140D29C05613914C3841	C=ch, O=Swisscom, OU=Digital Certificate Services, CN=Swisscom Root CA 2
F1B13F5C9A326403B0F31BBE7699CD17C7D1C0B981586DD1A7B219C52508FE99	C=LT, O=Skaitmeninio sertifikavimo centras, OU=Certification Authority, CN=SSC Root CA A
F1C1B50AE5A20DD8030EC9F6BC24823DD367B5255759B4E71B61FCE9F7375D73	C=US, O=SecureTrust Corporation, CN=SecureTrust CA
F27BF02C6E00C73D915EEB6A6A2F5FBF0C31AE0393149E6B5C31E41B113841C3	OU=GlobalSign Trusted Computing Certificate Authority, O=GlobalSign, CN=GlobalSign Trusted Platform Module Root CA
F28630BABF256E567B5821069FCF13148AB9A23E28FC0D70615AAE6ED284F4C8	C=AT, O=A-Trust Ges. f. Sicherheitssysteme im elektr. Datenverkehr GmbH, OU=A-Trust-Qual-02, CN=A-Trust-Qual-02
F356BEA244B7A91EB35D53CA9AD7864ACE018E2D35D5F8F96DDF68A6F41AA474	CN=Atos TrustedRoot 2011, O=Atos, C=DE
F38406E540D7A9D90CB4A9479299640FFB6DF9E224ECC7A01C0D9558D8DAD77D	OU=Copyright (c) 1997 Microsoft Corp., OU=Microsoft Corporation, CN=Microsoft Root Authority
F3896F88FE7C0A882766A7FA6AD2749FB57A7F3E98FB769C1FA7B09C2C44D5AE	C=CN, O=BEIJING CERTIFICATE AUTHORITY, CN=BJCA Global Root CA1
F4336BC2AC75950BECCF1C1F2F9DA6DDDAFD1F41161CA71F59C76889BD474033	C=ES, O=Agencia Notarial de Certificacion S.L.U. - CIF B83395988, CN=ANCERT Certificados CGN V2
F4C149551A3013A35BC7BFFE17A7F3449BC1AB5B5A0AE74B06C23B90004C0104	L=ValiCert Validation Network, O=ValiCert, Inc., OU=ValiCert Class 1 Policy Validation Authority, CN=http://www.valicert.com/, emailAddress=info@valicert.com
F540ACED0AEE4D2D3A55AA3E9C478E1CFF49FCACDCCF52F4AFE4D15D2F537324	C=PA, O=TrustCor Systems S. de R.L., CN=Dev TrustCor RootCert CA-2
F657A633EEB9BC5D15A461751749EA4B316727DCF1A9F986B5458445F6485DDE	C=SE, O=Swedish Social Insurance Agency, CN=Swedish Government Root Authority v1
F86973BDD0514735E10C1190D0345BF89C77E1C4ADBD3F65963B803FD3C9E1FF	C=BE, O=GlobalSign nv-sa, CN=GlobalSign Document Signing Root E45
F96F23F4C3E79C077A46988D5AF5900676A0F039CB645DD17549B216C82440CE	C=SK, L=Bratislava, O=Disig a.s., CN=CA Disig Root R1
F971223857F488E7BBDEC0F3646C3DF0BAA2FB80F4D56C7AA89B1A7A80B14163	C=US, ST=Texas, L=Houston, O=SSL Corporation, CN=SSL.com EV Root Certification Authority RSA R2 - Test
F9E67D336C51002AC054C632022D66DDA2E7E3FFF10AD061ED31D8BBB410CFB2	C=HK, O=Hongkong Post, CN=Hongkong Post Root CA 1
FABCF5197CDD7F458AC33832D3284021DB2425FD6BEA7A2E69B7486E8F51F9CC	C=PL, O=Krajowa Izba Rozliczeniowa S.A., CN=SZAFIR ROOT CA
FAD540811AFAE0DC767CDF6572A088FA3CE8493DD82B3B869A67D10AAB4E8124	C=SI, O=Republika Slovenija, organizationIdentifier=VATSI-17659957, CN=SI-TRUST Root
FAF78B73D93E50021C0C25F4D20B8E08F7F42C272A2792488A1C29372149C5CF	C=US, O=VeriSign, Inc., OU=VeriSign Trust Network, OU=(c) 1999 VeriSign, Inc. - For authorized use only, CN=VeriSign Class 3 Public Primary Certification Authority - G3
FB0929B52774DA8BA297F282719296196116D9BF1BEAF9E6105659539E53739F	C=BR, O=ICP-Brasil, OU=SOLUTI, CN=CA SOLUTI CT Root TEST
FB47D92A9909FD4FA9BEC02737543E1F3514CED747407A8D9CFA397B0915067C	C=BR, O=ICP-Brasil, OU=Instituto Nacional de Tecnologia da Informacao - ITI, CN=Autoridade Certificadora Raiz Brasileira v2
FB8FEC759169B9106B1E511644C618C51304373F6C0643088D8BEFFD1B997599	serialNumber=G63287510, C=ES, O=ANF Autoridad de Certificacion, OU=ANF CA Raiz, CN=ANF Secure Server Root CA
FC50B26BDC4A8FDF1344CC80157AE13AC671E2706FACFC0605FE34E249EB72D6	C=SE, O=Inera AB, CN=SITHS Root CA v1
FCBFE2886206F72B27593C8B070297E12D769ED10ED7930705A8098EFFC14D17	C=FR, O=Certinomis, OU=0002 433998903, CN=Certinomis - Autorité Racine
FD73DAD31C644FF1B43BEF0CCDDA96710B9CD9875ECA7E31707AF3E96D522BBD	C=DE, O=T-Systems Enterprise Services GmbH, OU=T-Systems Trust Center, CN=T-TeleSec GlobalRoot Class 3
FD7CCA48B745213470F503EC6E969C447FC12D4DD5AA2A7CC6C3D5ABBD962B33	C=ZA, ST=Western Cape, L=Somerset West, O=South African Post Office Limited, OU=SAPO Trust Centre, CN=SAPO Class 2 Root CA, emailAddress=pkiadmin@trustcentre.co.za
FE7114D07A147759891FF37B4F53EB43568296BC3BF89BC12CAFB186985EF28D	C=SI, O=Halcom, CN=Halcom CA PO 2
FE7696573855773E37A95E7AD4D9CC96C30157C15D31765BA9B15704E1AE78FD	C=PL, O=Asseco Data Systems S.A., OU=Certum Certification Authority, CN=Certum Trusted Root CA
FE863D0822FE7A2353FA484D5924E875656D3DC9FB58771F6F616F9D571BC592	C=US, O=Symantec Corporation, OU=Symantec Trust Network, CN=Symantec Class 2 Public Primary Certification Authority - G4
FEA1884AB3AEA6D0DBEDBE4B9CD9FEC8655116300A86A856488FC488BB4B44D2	C=US, ST=Washington, L=Redmond, O=Microsoft Corporation, CN=Microsoft ECC Root Certificate Authority 2017
FEA1884AB3AEA6D0DBEDBE4B9CD9FEC8655116300A86A856488FC488BB4B44D2	C=US, ST=Washington, L=Redmond, O=Microsoft Corporation, CN=Microsoft ECC Root Certificate Authority 2017
FF856A2D251DCD88D36656F450126798CFABAADE40799C722DE4D2B5DB36A73A	C=US, O=GeoTrust Inc., CN=GeoTrust Global CA
FFB85C26308A961351249EA641F659D49F639E91DAED9C92D046CCDCECC93D2F	C=CN, O=China Financial Certification Authority, CN=CFCA Identity CA
FFE943D793424B4F7C440C1C3D648D5363F34B82DC87AA7A9F118FC5DEE101F1	C=US, O=CommScope, CN=CommScope Public Trust RSA Root-02
